NUM_BO;DATA_OCORRENCIA_BO;HORA_OCORRENCIA_BO;NATUREZA APURADA;RUBRICA;DESC_PERIODO;DESCR_TIPOLOCAL;LATITUDE;LONGITUDE;BAIRRO;LOGRADOURO;NOME_DELEGACIA_CIRC;NOME_SECCIONAL_CIRC;FLAG_STATUS_CRIME;FLAG_FLAGRANTE;MES;ANO;TURNO;FIM_DE_SEMANA;VIA_PUBLICA;CRIME_DOLOSO
AA5846;2026-01-01;18:15:00;TENTATIVA DE HOMICIDIO;HomicIdio (art. 121);;Via Pública;-23.5471937;-46.6396488;REPÚBLICA;Rua Coronel Xavier de Toledo;03º D.P. CAMPOS ELISEOS;DEL.SEC.1º CENTRO;T;S;1.0;2026.0;noite;0;1;0
AB3101;2026-01-01;02:20:00;HOMICIDIO DOLOSO;HomicIdio (art. 121);;Saúde;-23.59415699;-46.64359815;VILA MARIANA;RUA NAPOLEAO DE BARROS;16º D.P. VILA CLEMENTINO;DEL.SEC.2º SUL;C;N;1.0;2026.0;madrugada;0;0;1
AB7842;2026-01-03;03:50:00;TENTATIVA DE HOMICIDIO;FeminicIdio;;Favela;;;VEDAÇAO DA DIVULGAÇAO DOS DADOS;VEDAÇAO DA DIVULGAÇAO DOS DADOS;85º D.P. JARDIM MIRNA;DEL.SEC.6º SANTO AMARO;T;S;1.0;2026.0;madrugada;1;0;0
AB8622;2026-01-03;05:15:00;TENTATIVA DE HOMICIDIO;HomicIdio (art. 121);;Via Pública;-23.46831091;-46.63327121;MANDAQUI;RUA JOAO DE MOTA PREGO;38º D.P. VILA AMALIA;DEL.SEC.4º NORTE;T;S;1.0;2026.0;madrugada;1;1;0
AC2447;2026-01-03;14:00:00;TENTATIVA DE HOMICIDIO;HomicIdio (art. 121);;Via Pública;-23.48159804;-46.58082875;VILA MEDEIROS;AVENIDA JARDIM JAPAO;39º D.P. VILA GUSTAVO;DEL.SEC.4º NORTE;T;S;1.0;2026.0;tarde;1;1;0
AC2447;2026-01-03;14:00:00;TENTATIVA DE HOMICIDIO;HomicIdio (art. 121);;Via Pública;-23.48159804;-46.58082875;VILA MEDEIROS;AVENIDA JARDIM JAPAO;39º D.P. VILA GUSTAVO;DEL.SEC.4º NORTE;T;S;1.0;2026.0;tarde;1;1;0
AC6590;2026-01-03;23:47:00;HOMICIDIO DOLOSO;FeminicIdio;;Via Pública;-23.56218809;-46.63004997;LIBERDADE;RUA DOS TAPES;06º D.P. CAMBUCI;DEL.SEC.1º CENTRO;C;N;1.0;2026.0;noite;1;1;1
AC7501;2026-01-04;03:05:00;HOMICIDIO DOLOSO;HomicIdio (art. 121);;Via Pública;-23.4524157;-46.673744;JARDIM PERI;Avenida Inajar de Souza;72º D.P. VILA PENTEADO;DEL.SEC.4º NORTE;C;N;1.0;2026.0;madrugada;1;1;1
AC7828;2026-01-04;09:10:00;HOMICIDIO DOLOSO;HomicIdio (art. 121);;Via Pública;-23.68603007;-46.79689175;CAPAO REDONDO;RUA LEONIDAS BUSI;47º D.P. CAPAO REDONDO;DEL.SEC.6º SANTO AMARO;C;N;1.0;2026.0;manha;1;1;1
AC8606;2026-01-04;08:59:00;TENTATIVA DE HOMICIDIO;HomicIdio (art. 121);;Residência;;;VEDAÇAO DA DIVULGAÇAO DOS DADOS;VEDAÇAO DA DIVULGAÇAO DOS DADOS;46º D.P. PERUS;DEL.SEC.3º OESTE;T;N;1.0;2026.0;manha;1;0;0
AC8606;2026-01-04;08:59:00;TENTATIVA DE HOMICIDIO;HomicIdio (art. 121);;Residência;;;VEDAÇAO DA DIVULGAÇAO DOS DADOS;VEDAÇAO DA DIVULGAÇAO DOS DADOS;46º D.P. PERUS;DEL.SEC.3º OESTE;T;N;1.0;2026.0;manha;1;0;0
AC8606;2026-01-04;08:59:00;TENTATIVA DE HOMICIDIO;HomicIdio (art. 121);;Residência;;;VEDAÇAO DA DIVULGAÇAO DOS DADOS;VEDAÇAO DA DIVULGAÇAO DOS DADOS;46º D.P. PERUS;DEL.SEC.3º OESTE;T;N;1.0;2026.0;manha;1;0;0
AD0183;2026-01-04;13:30:00;TENTATIVA DE HOMICIDIO;FeminicIdio;;Saúde;-23.47515427;-46.69850326;FREGUESIA DO O;PRAÇA LUIZA MAHIN;45º D.P. V BRASILANDIA;DEL.SEC.4º NORTE;T;N;1.0;2026.0;tarde;1;0;0
AD0783;2026-01-04;15:00:00;TENTATIVA DE HOMICIDIO;HomicIdio (art. 121);;Via Pública;-23.598174;-46.735971;VILA SONIA;RUA DIAS VIEIRA;89º D.P. JARDIM TABOAO;DEL.SEC.3º OESTE;T;N;1.0;2026.0;tarde;1;1;0
AD5857;2026-01-05;08:20:00;TENTATIVA DE HOMICIDIO;HomicIdio (art. 121);;Residência;;;VEDAÇAO DA DIVULGAÇAO DOS DADOS;VEDAÇAO DA DIVULGAÇAO DOS DADOS;101º D.P. JDIM IMBUIAS;DEL.SEC.6º SANTO AMARO;T;N;1.0;2026.0;manha;0;0;0
AE5195;2026-01-04;09:00:00;TENTATIVA DE HOMICIDIO;HomicIdio (art. 121);;Via Pública;-23.56634905;-46.76500007;RIO PEQUENO;RUA AMARANTE DO MARANHAO;51º D.P. RIO PEQUENO;DEL.SEC.3º OESTE;T;N;1.0;2026.0;manha;1;1;0
AE6586;2026-01-04;;HOMICIDIO DOLOSO;HomicIdio (art. 121);A noite;Via Pública;-23.4681559;-46.5773585;JARDIM MODELO;Travessa TomAs Palma;73º D.P. JACANA;DEL.SEC.4º NORTE;C;N;1.0;2026.0;desconhecido;1;1;1
AE7944;2026-01-05;14:05:00;HOMICIDIO DOLOSO;HomicIdio (art. 121);;Via Pública;-23.4739176;-46.6792949;JARDIM ALVORADA (ZONA NORTE);Rua Reverendo Carlos Wesly;45º D.P. V BRASILANDIA;DEL.SEC.4º NORTE;C;S;1.0;2026.0;tarde;0;1;1
AF8300;2026-01-06;13:30:02;HOMICIDIO DOLOSO;HomicIdio (art. 121);;Restaurante e Afins;-23.515423;-46.5660576;PARQUE NOVO MUNDO;Alameda Subtenente Francisco Hierro;90º D.P. PQ. NOVO MUNDO;DEL.SEC.4º NORTE;C;S;1.0;2026.0;tarde;0;0;1
AG5165;2026-01-06;21:30:00;TENTATIVA DE HOMICIDIO;HomicIdio (art. 121);;Residência;;;VEDAÇAO DA DIVULGAÇAO DOS DADOS;VEDAÇAO DA DIVULGAÇAO DOS DADOS;64º D.P. CID.AE CARVALHO;DEL.SEC.7º ITAQUERA;T;N;1.0;2026.0;noite;0;0;0
AG5165;2026-01-06;21:30:00;HOMICIDIO DOLOSO;HomicIdio (art. 121);;Residência;;;VEDAÇAO DA DIVULGAÇAO DOS DADOS;VEDAÇAO DA DIVULGAÇAO DOS DADOS;64º D.P. CID.AE CARVALHO;DEL.SEC.7º ITAQUERA;T;N;1.0;2026.0;noite;0;0;1
AG5165;2026-01-06;21:30:00;TENTATIVA DE HOMICIDIO;HomicIdio (art. 121);;Residência;;;VEDAÇAO DA DIVULGAÇAO DOS DADOS;VEDAÇAO DA DIVULGAÇAO DOS DADOS;64º D.P. CID.AE CARVALHO;DEL.SEC.7º ITAQUERA;T;N;1.0;2026.0;noite;0;0;0
AG5729;2026-01-07;00:01:00;TENTATIVA DE HOMICIDIO;HomicIdio (art. 121);;Via Pública;-23.5330792;-46.4902861;VILA RÉ;Rua Carlos Maria Steimberg;24º D.P. PONTE RASA;DEL.SEC.7º ITAQUERA;T;S;1.0;2026.0;madrugada;0;1;0
AG6891;2026-01-01;13:16:00;HOMICIDIO DOLOSO;Morte suspeita;;Via Pública;-23.4995511;-46.624814;SANTANA;Avenida Cruzeiro do Sul;09º D.P. - CARANDIRU;DEL.SEC.4º NORTE;C;N;1.0;2026.0;tarde;0;1;1
AH4602;2026-01-07;12:49:00;TENTATIVA DE HOMICIDIO;FeminicIdio;;Residência;;;VEDAÇAO DA DIVULGAÇAO DOS DADOS;VEDAÇAO DA DIVULGAÇAO DOS DADOS;47º D.P. CAPAO REDONDO;DEL.SEC.6º SANTO AMARO;T;N;1.0;2026.0;tarde;0;0;0
AI0124;2026-01-07;20:01:00;HOMICIDIO DOLOSO;HomicIdio (art. 121);;Favela;;;VEDAÇAO DA DIVULGAÇAO DOS DADOS;VEDAÇAO DA DIVULGAÇAO DOS DADOS;93º D.P. JAGUARE;DEL.SEC.3º OESTE;C;N;1.0;2026.0;noite;0;0;1
AI1109;2026-01-07;00:45:00;HOMICIDIO DOLOSO;HomicIdio (art. 121);;Saúde;-23.5176647;-46.5623488;PARQUE NOVO MUNDO;Rua Francisco Fanganielo;90º D.P. PQ. NOVO MUNDO;DEL.SEC.4º NORTE;C;N;1.0;2026.0;madrugada;0;0;1
AI1137;2026-01-07;21:10:00;TENTATIVA DE HOMICIDIO;FeminicIdio;;Residência;;;VEDAÇAO DA DIVULGAÇAO DOS DADOS;VEDAÇAO DA DIVULGAÇAO DOS DADOS;64º D.P. CID.AE CARVALHO;DEL.SEC.7º ITAQUERA;T;S;1.0;2026.0;noite;0;0;0
AI2596;2026-01-07;20:00:00;LATROCINIO;Roubo (art. 157);;Via Pública;-23.6087551;-46.3987149;CIDADE TIRADENTES;RUA FRANCISCO SARACINI;54º D.P. CID. TIRADENTES;DEL.SEC.8º SAO MATEUS;C;N;1.0;2026.0;noite;0;1;1
AI6553;2026-01-08;08:06:00;LESAO CORPORAL SEGUIDA DE MORTE;ComunicaçAo de Obito;;Via Pública;-23.76681019;-46.66210549;GRAJAU;RUA NEFERTITI;85º D.P. JARDIM MIRNA;DEL.SEC.6º SANTO AMARO;C;N;1.0;2026.0;manha;0;1;0
AJ3244;2026-01-08;15:25:00;TENTATIVA DE HOMICIDIO;HomicIdio (art. 121);;Residência;;;VEDAÇAO DA DIVULGAÇAO DOS DADOS;VEDAÇAO DA DIVULGAÇAO DOS DADOS;74º D.P. PARADA TAIPAS;DEL.SEC.4º NORTE;T;N;1.0;2026.0;tarde;0;0;0
AJ8330;2026-01-09;08:30:00;TENTATIVA DE HOMICIDIO;HomicIdio (art. 121);;Residência;;;VEDAÇAO DA DIVULGAÇAO DOS DADOS;VEDAÇAO DA DIVULGAÇAO DOS DADOS;48º D.P. CIDADE DUTRA;DEL.SEC.6º SANTO AMARO;T;N;1.0;2026.0;manha;0;0;0
AL0927;2026-01-10;00:05:00;HOMICIDIO DOLOSO;HomicIdio (art. 121);;RepartiçAo Pública;-23.82604747;-46.73562427;PARELHEIROS;RUA HUMBERTO RAVELLO;25º D.P. PARELHEIROS;DEL.SEC.6º SANTO AMARO;C;N;1.0;2026.0;madrugada;1;0;1
AL4161;2026-01-10;11:50:00;TENTATIVA DE HOMICIDIO;HomicIdio (art. 121);;Entidade Assistencial;;;VEDAÇAO DA DIVULGAÇAO DOS DADOS;VEDAÇAO DA DIVULGAÇAO DOS DADOS;49º D.P. SAO MATEUS;DEL.SEC.8º SAO MATEUS;T;N;1.0;2026.0;manha;1;0;0
AL5509;2026-01-10;11:21:00;TENTATIVA DE HOMICIDIO;HomicIdio (art. 121);;Favela;;;VEDAÇAO DA DIVULGAÇAO DOS DADOS;VEDAÇAO DA DIVULGAÇAO DOS DADOS;80º D.P. VILA JOANIZA;DEL.SEC.6º SANTO AMARO;T;N;1.0;2026.0;manha;1;0;0
AL5509;2026-01-10;11:21:00;TENTATIVA DE HOMICIDIO;HomicIdio (art. 121);;Favela;;;VEDAÇAO DA DIVULGAÇAO DOS DADOS;VEDAÇAO DA DIVULGAÇAO DOS DADOS;80º D.P. VILA JOANIZA;DEL.SEC.6º SANTO AMARO;T;N;1.0;2026.0;manha;1;0;0
AM2446;2026-01-11;06:26:00;TENTATIVA DE HOMICIDIO;FeminicIdio;;Residência;;;VEDAÇAO DA DIVULGAÇAO DOS DADOS;VEDAÇAO DA DIVULGAÇAO DOS DADOS;95º D.P. HELIOPOLIS;DEL.SEC.2º SUL;T;S;1.0;2026.0;manha;1;0;0
AM2695;2026-01-10;23:50:00;TENTATIVA DE HOMICIDIO;HomicIdio (art. 121);;Saúde;-23.52949583;-46.4799227;ARTUR ALVIM;RUA NICOLO TARTAGLIA;64º D.P. CID.AE CARVALHO;DEL.SEC.7º ITAQUERA;T;N;1.0;2026.0;noite;1;0;0
AM3898;2026-01-11;08:25:13;TENTATIVA DE HOMICIDIO;HomicIdio (art. 121);;Via Pública;-23.44861832;-46.61112285;TREMEMBE;RUA BERNARDO FONSECA LOBO;20º D.P. AGUA FRIA;DEL.SEC.4º NORTE;T;N;1.0;2026.0;manha;1;1;0
AM3898;2026-01-11;08:25:13;TENTATIVA DE HOMICIDIO;HomicIdio (art. 121);;Via Pública;-23.44861832;-46.61112285;TREMEMBE;RUA BERNARDO FONSECA LOBO;20º D.P. AGUA FRIA;DEL.SEC.4º NORTE;T;N;1.0;2026.0;manha;1;1;0
AM6641;2026-01-04;;HOMICIDIO DOLOSO;HomicIdio (art. 121);Pela manhã;Residência;;;VEDAÇAO DA DIVULGAÇAO DOS DADOS;VEDAÇAO DA DIVULGAÇAO DOS DADOS;92º D.P. PQ. SANTO ANTONIO;DEL.SEC.6º SANTO AMARO;C;N;1.0;2026.0;desconhecido;1;0;1
AM8817;2026-01-11;21:20:00;TENTATIVA DE HOMICIDIO;FeminicIdio;;Residência;;;VEDAÇAO DA DIVULGAÇAO DOS DADOS;VEDAÇAO DA DIVULGAÇAO DOS DADOS;100º D.P. JDIM HERCULANO;DEL.SEC.6º SANTO AMARO;T;N;1.0;2026.0;noite;1;0;0
AM9264;2026-01-11;22:37:00;TENTATIVA DE HOMICIDIO;FeminicIdio;;Residência;;;VEDAÇAO DA DIVULGAÇAO DOS DADOS;VEDAÇAO DA DIVULGAÇAO DOS DADOS;97º D.P. AMERICANOPOLIS;DEL.SEC.2º SUL;T;N;1.0;2026.0;noite;1;0;0
AM9524;2026-01-11;23:48:00;HOMICIDIO DOLOSO;HomicIdio (art. 121);;Via Pública;-23.5569726;-46.4220367;VILA COSMOPOLITA;Rua Carmem Silva;44º D.P. GUAIANAZES;DEL.SEC.8º SAO MATEUS;C;N;1.0;2026.0;noite;1;1;1
AO7538;2026-01-13;01:00:00;HOMICIDIO DOLOSO;FeminicIdio;;Residência;;;VEDAÇAO DA DIVULGAÇAO DOS DADOS;VEDAÇAO DA DIVULGAÇAO DOS DADOS;45º D.P. V BRASILANDIA;DEL.SEC.4º NORTE;C;S;1.0;2026.0;madrugada;0;0;1
AP7608;2026-01-13;14:04:00;TENTATIVA DE HOMICIDIO;HomicIdio (art. 121);;Via Pública;-23.538856;-46.633682;CENTRO HISTÓRICO DE SÃO PAULO;Avenida Prestes Maia;03º D.P. CAMPOS ELISEOS;DEL.SEC.1º CENTRO;T;S;1.0;2026.0;tarde;0;1;0
AQ2091;2026-01-13;16:59:00;TENTATIVA DE HOMICIDIO;HomicIdio (art. 121);;Via Pública;-23.56466;-46.754741;RIO PEQUENO;Avenida Escola PolitEcnica;51º D.P. RIO PEQUENO;DEL.SEC.3º OESTE;T;N;1.0;2026.0;tarde;0;1;0
AQ4577;2026-01-13;22:40:00;HOMICIDIO DOLOSO;HomicIdio (art. 121);;Residência;;;VEDAÇAO DA DIVULGAÇAO DOS DADOS;VEDAÇAO DA DIVULGAÇAO DOS DADOS;73º D.P. JACANA;DEL.SEC.4º NORTE;C;S;1.0;2026.0;noite;0;0;1
AQ5113;2026-01-14;02:30:00;HOMICIDIO DOLOSO;HomicIdio (art. 121);;Residência;;;VEDAÇAO DA DIVULGAÇAO DOS DADOS;VEDAÇAO DA DIVULGAÇAO DOS DADOS;25º D.P. PARELHEIROS;DEL.SEC.6º SANTO AMARO;C;N;1.0;2026.0;madrugada;0;0;1
AQ6504;2026-01-14;08:25:00;TENTATIVA DE HOMICIDIO;HomicIdio (art. 121);;Via Pública;-23.5355837;-46.6535277;SANTA CECILIA;Praça Marechal Deodoro;77º D.P. SANTA CECILIA;DEL.SEC.1º CENTRO;T;N;1.0;2026.0;manha;0;1;0
AR3465;2026-01-14;14:41:00;TENTATIVA DE HOMICIDIO;HomicIdio (art. 121);;Via Pública;-23.4783929;-46.7565699;VILA PIRITUBA;Rua AntOnio Gonçalves Valim;46º D.P. PERUS;DEL.SEC.3º OESTE;T;N;1.0;2026.0;tarde;0;1;0
AR3465;2026-01-14;14:41:00;TENTATIVA DE HOMICIDIO;HomicIdio (art. 121);;Via Pública;-23.4783929;-46.7565699;VILA PIRITUBA;Rua AntOnio Gonçalves Valim;46º D.P. PERUS;DEL.SEC.3º OESTE;T;N;1.0;2026.0;tarde;0;1;0
AR8466;2026-01-14;;LESAO CORPORAL SEGUIDA DE MORTE;LesAo corporal (art. 129);A tarde;Saúde;-23.5453759;-46.6489592;VILA BUARQUE;Rua Doutor CesArio Mota Júnior;77º D.P. SANTA CECILIA;DEL.SEC.1º CENTRO;C;N;1.0;2026.0;desconhecido;0;0;0
AR8714;2026-01-14;19:00:00;HOMICIDIO DOLOSO;HomicIdio (art. 121);;Via Pública;-23.487297;-46.6143416;PARADA INGLESA;Avenida Aguas de SAo Pedro;09º D.P. - CARANDIRU;DEL.SEC.4º NORTE;C;N;1.0;2026.0;noite;0;1;1
AT8353;2026-01-15;20:14:00;TENTATIVA DE HOMICIDIO;HomicIdio (art. 121);;Restaurante e Afins;-23.51294403;-46.41338688;VILA CURUCA;RUA JOSE PESSOTA;67º D.P. JARDIM ROBRU;DEL.SEC.7º ITAQUERA;T;S;1.0;2026.0;noite;0;0;0
AV1921;2026-01-16;16:35:00;TENTATIVA DE HOMICIDIO;HomicIdio (art. 121);;Residência;;;VEDAÇAO DA DIVULGAÇAO DOS DADOS;VEDAÇAO DA DIVULGAÇAO DOS DADOS;63º D.P. VILA JACUI;DEL.SEC.7º ITAQUERA;T;S;1.0;2026.0;tarde;0;0;0
AW3216;2026-01-17;19:30:00;HOMICIDIO DOLOSO;HomicIdio (art. 121);;Residência;;;VEDAÇAO DA DIVULGAÇAO DOS DADOS;VEDAÇAO DA DIVULGAÇAO DOS DADOS;73º D.P. JACANA;DEL.SEC.4º NORTE;C;S;1.0;2026.0;noite;1;0;1
AW9575;2026-01-18;16:10:00;HOMICIDIO DOLOSO;HomicIdio (art. 121);;Via Pública;-23.520496;-46.4574627;CIDADE ANTÔNIO ESTÊVÃO DE CARVALHO;Rua Onze Garotos;64º D.P. CID.AE CARVALHO;DEL.SEC.7º ITAQUERA;C;N;1.0;2026.0;tarde;1;1;1
AX0741;2026-01-18;19:20:00;TENTATIVA DE HOMICIDIO;HomicIdio (art. 121);;Terminal/Estação;-23.54388544;-46.41067945;GUAIANASES;RUA SALVADOR GIANETTI;44º D.P. GUAIANAZES;DEL.SEC.8º SAO MATEUS;T;S;1.0;2026.0;noite;1;0;0
AY1996;2026-01-19;13:50:00;TENTATIVA DE HOMICIDIO;HomicIdio (art. 121);;Residência;;;VEDAÇAO DA DIVULGAÇAO DOS DADOS;VEDAÇAO DA DIVULGAÇAO DOS DADOS;47º D.P. CAPAO REDONDO;DEL.SEC.6º SANTO AMARO;T;N;1.0;2026.0;tarde;0;0;0
AY6977;2026-01-19;18:00:00;TENTATIVA DE HOMICIDIO;FeminicIdio;;Residência;;;VEDAÇAO DA DIVULGAÇAO DOS DADOS;VEDAÇAO DA DIVULGAÇAO DOS DADOS;101º D.P. JDIM IMBUIAS;DEL.SEC.6º SANTO AMARO;T;N;1.0;2026.0;noite;0;0;0
AY6977;2026-01-19;18:00:00;HOMICIDIO DOLOSO;FeminicIdio;;Residência;;;VEDAÇAO DA DIVULGAÇAO DOS DADOS;VEDAÇAO DA DIVULGAÇAO DOS DADOS;101º D.P. JDIM IMBUIAS;DEL.SEC.6º SANTO AMARO;C;N;1.0;2026.0;noite;0;0;1
AY6977;2026-01-19;18:00:00;TENTATIVA DE HOMICIDIO;HomicIdio (art. 121);;Residência;;;VEDAÇAO DA DIVULGAÇAO DOS DADOS;VEDAÇAO DA DIVULGAÇAO DOS DADOS;101º D.P. JDIM IMBUIAS;DEL.SEC.6º SANTO AMARO;T;N;1.0;2026.0;noite;0;0;0
AY7971;2026-01-19;18:30:00;HOMICIDIO DOLOSO;HomicIdio (art. 121);;Residência;;;VEDAÇAO DA DIVULGAÇAO DOS DADOS;VEDAÇAO DA DIVULGAÇAO DOS DADOS;69º D.P. TEOTONIO VILELA;DEL.SEC.8º SAO MATEUS;C;S;1.0;2026.0;noite;0;0;1
AZ4820;2026-01-20;09:00:00;HOMICIDIO DOLOSO;HomicIdio (art. 121);;Via Pública;-23.7584074;-46.6789169;JARDIM LUCÉLIA;Rua Domingos da Costa Filgueira;85º D.P. JARDIM MIRNA;DEL.SEC.6º SANTO AMARO;C;N;1.0;2026.0;manha;0;1;1
AZ4940;2026-01-14;10:00:00;TENTATIVA DE HOMICIDIO;FeminicIdio;;Residência;;;VEDAÇAO DA DIVULGAÇAO DOS DADOS;VEDAÇAO DA DIVULGAÇAO DOS DADOS;85º D.P. JARDIM MIRNA;DEL.SEC.6º SANTO AMARO;T;N;1.0;2026.0;manha;0;0;0
AZ5646;2026-01-08;09:00:15;TENTATIVA DE HOMICIDIO;HomicIdio (art. 121);;Via Pública;-23.7062797;-46.7873027;CHÁCARA NANI;Rua Clamecy;100º D.P. JDIM HERCULANO;DEL.SEC.6º SANTO AMARO;T;N;1.0;2026.0;manha;0;1;0
BA0403;2026-01-21;07:05:08;TENTATIVA DE HOMICIDIO;HomicIdio (art. 121);;Via Pública;-23.6656254;-46.6772127;VILA CONSTANCIA;Avenida Yervant Kissajikian;43º D.P. CIDADE ADEMAR;DEL.SEC.6º SANTO AMARO;T;S;1.0;2026.0;manha;0;1;0
BB7907;2026-01-21;23:00:44;TENTATIVA DE HOMICIDIO;HomicIdio (art. 121);;Residência;;;VEDAÇAO DA DIVULGAÇAO DOS DADOS;VEDAÇAO DA DIVULGAÇAO DOS DADOS;75º D.P. JARDIM ARPOADOR;DEL.SEC.3º OESTE;T;N;1.0;2026.0;noite;0;0;0
BC1562;2026-01-22;16:00:00;TENTATIVA DE HOMICIDIO;HomicIdio (art. 121);;Via Pública;-23.6043702;-46.39895923;CIDADE TIRADENTES;RUA DOS PEDREIROS;54º D.P. CID. TIRADENTES;DEL.SEC.8º SAO MATEUS;T;N;1.0;2026.0;tarde;0;1;0
BC1562;2026-01-22;16:00:00;TENTATIVA DE HOMICIDIO;HomicIdio (art. 121);;Via Pública;-23.6043702;-46.39895923;CIDADE TIRADENTES;RUA DOS PEDREIROS;54º D.P. CID. TIRADENTES;DEL.SEC.8º SAO MATEUS;T;N;1.0;2026.0;tarde;0;1;0
BC4029;2026-01-20;22:00:00;TENTATIVA DE HOMICIDIO;FeminicIdio;;Residência;;;VEDAÇAO DA DIVULGAÇAO DOS DADOS;VEDAÇAO DA DIVULGAÇAO DOS DADOS;89º D.P. JARDIM TABOAO;DEL.SEC.3º OESTE;T;N;1.0;2026.0;noite;0;0;0
BC6547;2026-01-23;13:00:00;HOMICIDIO DOLOSO;HomicIdio (art. 121);;Via Pública;-23.45856074;-46.75575618;JARAGUA;ESTRADA TURISTICA DO JARAGUA;46º D.P. PERUS;DEL.SEC.3º OESTE;C;S;1.0;2026.0;tarde;0;1;1
BD0049;2026-01-23;16:30:00;TENTATIVA DE HOMICIDIO;HomicIdio (art. 121);;Via Pública;-23.52761003;-46.66088449;BARRA FUNDA;AVENIDA PACAEMBU;23º D.P. PERDIZES;DEL.SEC.3º OESTE;T;S;1.0;2026.0;tarde;0;1;0
BD0049;2026-01-23;16:30:00;TENTATIVA DE HOMICIDIO;HomicIdio (art. 121);;Via Pública;-23.52761003;-46.66088449;BARRA FUNDA;AVENIDA PACAEMBU;23º D.P. PERDIZES;DEL.SEC.3º OESTE;T;S;1.0;2026.0;tarde;0;1;0
BD0049;2026-01-23;16:30:00;TENTATIVA DE HOMICIDIO;HomicIdio (art. 121);;Via Pública;-23.52761003;-46.66088449;BARRA FUNDA;AVENIDA PACAEMBU;23º D.P. PERDIZES;DEL.SEC.3º OESTE;T;S;1.0;2026.0;tarde;0;1;0
BD4473;2026-01-23;17:30:00;TENTATIVA DE HOMICIDIO;HomicIdio (art. 121);;Favela;;;VEDAÇAO DA DIVULGAÇAO DOS DADOS;VEDAÇAO DA DIVULGAÇAO DOS DADOS;63º D.P. VILA JACUI;DEL.SEC.7º ITAQUERA;T;S;1.0;2026.0;tarde;0;0;0
BE6508;2026-01-24;07:45:00;HOMICIDIO DOLOSO;HomicIdio (art. 121);;Via Pública;-23.5790126;-46.7915343;JARDIM BOA VISTA (ZONA OESTE);Rua AntOnio JosE Dias;75º D.P. JARDIM ARPOADOR;DEL.SEC.3º OESTE;C;N;1.0;2026.0;manha;1;1;1
BE6508;2026-01-24;07:45:00;HOMICIDIO DOLOSO;HomicIdio (art. 121);;Via Pública;-23.5790126;-46.7915343;JARDIM BOA VISTA (ZONA OESTE);Rua AntOnio JosE Dias;75º D.P. JARDIM ARPOADOR;DEL.SEC.3º OESTE;C;N;1.0;2026.0;manha;1;1;1
BF1212;2026-01-24;10:00:00;HOMICIDIO DOLOSO;FeminicIdio;;Residência;;;VEDAÇAO DA DIVULGAÇAO DOS DADOS;VEDAÇAO DA DIVULGAÇAO DOS DADOS;25º D.P. PARELHEIROS;DEL.SEC.6º SANTO AMARO;C;N;1.0;2026.0;manha;1;0;1
BF5099;2026-01-25;00:13:00;TENTATIVA DE HOMICIDIO;HomicIdio (art. 121);;Via Pública;-23.6653525;-46.7512957;PARQUE SANTO ANTÔNIO;Rua Valdomiro dos Santos Pereira;92º D.P. PQ. SANTO ANTONIO;DEL.SEC.6º SANTO AMARO;T;N;1.0;2026.0;madrugada;1;1;0
BF5521;2026-01-25;03:13:00;TENTATIVA DE HOMICIDIO;FeminicIdio;;Residência;;;VEDAÇAO DA DIVULGAÇAO DOS DADOS;VEDAÇAO DA DIVULGAÇAO DOS DADOS;93º D.P. JAGUARE;DEL.SEC.3º OESTE;T;N;1.0;2026.0;madrugada;1;0;0
BF6064;2026-01-25;08:06:00;TENTATIVA DE HOMICIDIO;HomicIdio (art. 121);;Condomínio Residencial;;;VEDAÇAO DA DIVULGAÇAO DOS DADOS;VEDAÇAO DA DIVULGAÇAO DOS DADOS;05º D.P. ACLIMACAO;DEL.SEC.1º CENTRO;T;S;1.0;2026.0;manha;1;0;0
BF6064;2026-01-25;08:06:00;TENTATIVA DE HOMICIDIO;FeminicIdio;;Condomínio Residencial;;;VEDAÇAO DA DIVULGAÇAO DOS DADOS;VEDAÇAO DA DIVULGAÇAO DOS DADOS;05º D.P. ACLIMACAO;DEL.SEC.1º CENTRO;T;S;1.0;2026.0;manha;1;0;0
BF8502;2026-01-24;;HOMICIDIO DOLOSO;HomicIdio (art. 121);A noite;Saúde;-23.5834855;-46.408892;CIDADE TIRADENTES;Avenida dos Metalúrgicos;54º D.P. CID. TIRADENTES;DEL.SEC.8º SAO MATEUS;C;N;1.0;2026.0;desconhecido;1;0;1
BG4713;2026-01-26;05:38:00;TENTATIVA DE HOMICIDIO;HomicIdio (art. 121);;Via Pública;-23.7485788;-46.782035;CHÁCARA DA ENSEADA;Rua ParaIso;100º D.P. JDIM HERCULANO;DEL.SEC.6º SANTO AMARO;T;S;1.0;2026.0;madrugada;0;1;0
BH7278;2026-01-26;11:00:00;TENTATIVA DE HOMICIDIO;HomicIdio (art. 121);;Favela;;;VEDAÇAO DA DIVULGAÇAO DOS DADOS;VEDAÇAO DA DIVULGAÇAO DOS DADOS;47º D.P. CAPAO REDONDO;DEL.SEC.6º SANTO AMARO;T;N;1.0;2026.0;manha;0;0;0
BJ9959;2026-01-27;18:22:00;HOMICIDIO DOLOSO;HomicIdio (art. 121);;Via Pública;-23.65589371;-46.78777766;CAPAO REDONDO;RUA FRANCISCO VIELMA;47º D.P. CAPAO REDONDO;DEL.SEC.6º SANTO AMARO;C;S;1.0;2026.0;noite;0;1;1
BK0095;2026-01-27;18:42:00;HOMICIDIO DOLOSO;HomicIdio (art. 121);;Saúde;-23.6087149;-46.4919173;JARDIM SAPOPEMBA;Rua Manuel França dos Santos;69º D.P. TEOTONIO VILELA;DEL.SEC.8º SAO MATEUS;C;N;1.0;2026.0;noite;0;0;1
BK1137;2026-01-28;01:00:00;HOMICIDIO DOLOSO;HomicIdio (art. 121);;Via Pública;-23.4771296;-46.7642419;VILA JARAGUÁ;Rua Doutor EnEas Carneiro;46º D.P. PERUS;DEL.SEC.3º OESTE;C;N;1.0;2026.0;madrugada;0;1;1
BK1181;2026-01-28;02:20:00;TENTATIVA DE HOMICIDIO;HomicIdio (art. 121);;Via Pública;-23.5087901;-46.5449145;VILA SANTO HENRIQUE;Rua Ilha de Tupinambaranas;10º D.P. PENHA DE FRANCA;DEL.SEC.5º LESTE;T;N;1.0;2026.0;madrugada;0;1;0
BL6806;2026-01-28;16:15:00;TENTATIVA DE HOMICIDIO;FeminicIdio;;Residência;;;VEDAÇAO DA DIVULGAÇAO DOS DADOS;VEDAÇAO DA DIVULGAÇAO DOS DADOS;73º D.P. JACANA;DEL.SEC.4º NORTE;T;S;1.0;2026.0;tarde;0;0;0
BL7689;2026-01-28;20:30:00;TENTATIVA DE HOMICIDIO;HomicIdio (art. 121);;Via Pública;-23.5611177;-46.473704;CIDADE LÍDER;Rua SAo Francisco;53º D.P. PARQUE DO CARMO;DEL.SEC.8º SAO MATEUS;T;S;1.0;2026.0;noite;0;1;0
BN3835;2026-01-29;17:40:00;LATROCINIO;Roubo (art. 157);;Via Pública;-23.9059354;-46.701463;EMBURÁ;Estrada Engenheiro Marsilac;25º D.P. PARELHEIROS;DEL.SEC.6º SANTO AMARO;C;N;1.0;2026.0;tarde;0;1;1
BN4444;2026-01-29;20:20:00;HOMICIDIO DOLOSO;HomicIdio (art. 121);;Residência;;;VEDAÇAO DA DIVULGAÇAO DOS DADOS;VEDAÇAO DA DIVULGAÇAO DOS DADOS;54º D.P. CID. TIRADENTES;DEL.SEC.8º SAO MATEUS;C;N;1.0;2026.0;noite;0;0;1
BN5898;2026-01-29;22:55:00;TENTATIVA DE HOMICIDIO;HomicIdio (art. 121);;Via Pública;-23.539796;-46.5919931;BELENZINHO;Rua Doutor Clementino;81º D.P. BELEM;DEL.SEC.5º LESTE;T;S;1.0;2026.0;noite;0;1;0
BP1840;2026-01-31;01:00:00;TENTATIVA DE HOMICIDIO;HomicIdio (art. 121);;Via Pública;-23.5168771;-46.6751337;VILA LEOPOLDINA;Rua Doutor Edgard Theotonio Santana;23º D.P. PERDIZES;DEL.SEC.3º OESTE;T;S;1.0;2026.0;madrugada;1;1;0
BP1840;2026-01-31;01:00:00;TENTATIVA DE HOMICIDIO;HomicIdio (art. 121);;Via Pública;-23.5168771;-46.6751337;VILA LEOPOLDINA;Rua Doutor Edgard Theotonio Santana;23º D.P. PERDIZES;DEL.SEC.3º OESTE;T;S;1.0;2026.0;madrugada;1;1;0
BP5767;2026-01-31;00:20:00;HOMICIDIO DOLOSO;HomicIdio (art. 121);;Saúde;-23.5220965;-46.5627982;PARQUE NOVO MUNDO;Rua Francisco Fanganielo;90º D.P. PQ. NOVO MUNDO;DEL.SEC.4º NORTE;C;N;1.0;2026.0;madrugada;1;0;1
BP6884;2026-01-31;13:50:00;TENTATIVA DE HOMICIDIO;HomicIdio (art. 121);;Via Pública;-23.56530697;-46.46764056;PARQUE DO CARMO;AVENIDA AFONSO DE SAMPAIO E SOUSA;53º D.P. PARQUE DO CARMO;DEL.SEC.8º SAO MATEUS;T;N;1.0;2026.0;tarde;1;1;0
BP9612;2026-01-31;14:30:00;HOMICIDIO DOLOSO;HomicIdio (art. 121);;Saúde;-23.49700862;-46.43775209;SAO MIGUEL;RUA DOUTOR JOSE GUILHERME EIRAS;22º D.P. SAO MIGUEL PTA;DEL.SEC.7º ITAQUERA;C;N;1.0;2026.0;tarde;1;0;1
BN7190;2026-01-30;06:50:00;LESAO CORPORAL SEGUIDA DE MORTE;LesAo corporal (art. 129);;Residência;;;VEDAÇAO DA DIVULGAÇAO DOS DADOS;VEDAÇAO DA DIVULGAÇAO DOS DADOS;103º D.P. COHABII/ITAQU.;DEL.SEC.7º ITAQUERA;C;N;1.0;2026.0;manha;0;0;0
BQ1273;2026-01-31;20:27:00;TENTATIVA DE HOMICIDIO;FeminicIdio;;Residência;;;VEDAÇAO DA DIVULGAÇAO DOS DADOS;VEDAÇAO DA DIVULGAÇAO DOS DADOS;100º D.P. JDIM HERCULANO;DEL.SEC.6º SANTO AMARO;T;S;1.0;2026.0;noite;1;0;0
BQ1650;2026-01-31;21:48:00;HOMICIDIO DOLOSO;HomicIdio (art. 121);;Residência;;;VEDAÇAO DA DIVULGAÇAO DOS DADOS;VEDAÇAO DA DIVULGAÇAO DOS DADOS;16º D.P. VILA CLEMENTINO;DEL.SEC.2º SUL;C;N;1.0;2026.0;noite;1;0;1
BQ1685;2026-01-31;21:38:00;TENTATIVA DE HOMICIDIO;HomicIdio (art. 121);;Via Pública;-23.7357426;-46.7940951;VILA CALU;Rua Angelito Mello;100º D.P. JDIM HERCULANO;DEL.SEC.6º SANTO AMARO;T;S;1.0;2026.0;noite;1;1;0
BQ2569;2026-02-01;03:00:00;TENTATIVA DE HOMICIDIO;HomicIdio (art. 121);;Via Pública;-23.4580628;-46.6837393;JARDIM ELISA MARIA;Rua Manuel Aquilino dos Santos;72º D.P. VILA PENTEADO;DEL.SEC.4º NORTE;T;N;2.0;2026.0;madrugada;1;1;0
BQ2569;2026-02-01;03:00:00;TENTATIVA DE HOMICIDIO;HomicIdio (art. 121);;Via Pública;-23.4580628;-46.6837393;JARDIM ELISA MARIA;Rua Manuel Aquilino dos Santos;72º D.P. VILA PENTEADO;DEL.SEC.4º NORTE;T;N;2.0;2026.0;madrugada;1;1;0
BQ3143;2026-02-01;04:30:00;TENTATIVA DE HOMICIDIO;HomicIdio (art. 121);;Residência;;;VEDAÇAO DA DIVULGAÇAO DOS DADOS;VEDAÇAO DA DIVULGAÇAO DOS DADOS;35º D.P. JABAQUARA;DEL.SEC.2º SUL;T;N;2.0;2026.0;madrugada;1;0;0
BQ5475;2026-02-01;10:36:21;TENTATIVA DE HOMICIDIO;HomicIdio (art. 121);;Via Pública;-23.72573825;-46.76395675;JARDIM ANGELA;AVENIDA TAQUANDAVA;100º D.P. JDIM HERCULANO;DEL.SEC.6º SANTO AMARO;T;N;2.0;2026.0;manha;1;1;0
BR0175;2026-02-02;01:20:00;TENTATIVA DE HOMICIDIO;HomicIdio (art. 121);;Via Pública;-23.58749483;-46.390619;CIDADE TIRADENTES;RUA ALEXANDRE DAVIDENKO;54º D.P. CID. TIRADENTES;DEL.SEC.8º SAO MATEUS;T;N;2.0;2026.0;madrugada;0;1;0
BS4082;2026-02-02;17:11:00;TENTATIVA DE HOMICIDIO;HomicIdio (art. 121);;Via Pública;-23.5182595;-46.6708374;VÁRZEA DA BARRA FUNDA;Rua Doutor MoisEs Kahan;23º D.P. PERDIZES;DEL.SEC.3º OESTE;T;S;2.0;2026.0;tarde;0;1;0
BU9179;2026-02-04;11:22:14;HOMICIDIO DOLOSO;HomicIdio (art. 121);;CondomInio Comercial;-23.4947734;-46.4274658;VILA CURUÇÁ VELHA;Avenida Marechal Tito;22º D.P. SAO MIGUEL PTA;DEL.SEC.7º ITAQUERA;C;N;2.0;2026.0;manha;0;0;1
BX4063;2026-02-05;19:55:00;TENTATIVA DE HOMICIDIO;HomicIdio (art. 121);;Templo e Afins;-23.6677008;-46.64936521;JABAQUARA;RUA ALVARES FAGUNDES;97º D.P. AMERICANOPOLIS;DEL.SEC.2º SUL;T;N;2.0;2026.0;noite;0;0;0
BX4370;2026-02-05;21:30:00;TENTATIVA DE HOMICIDIO;HomicIdio (art. 121);;Via Pública;-23.50635271;-46.61003536;SANTANA;Rua Doutor Gabriel Piza;09º D.P. - CARANDIRU;DEL.SEC.4º NORTE;T;N;2.0;2026.0;noite;0;1;0
BX4370;2026-02-05;21:30:00;TENTATIVA DE HOMICIDIO;HomicIdio (art. 121);;Via Pública;-23.50635271;-46.61003536;SANTANA;Rua Doutor Gabriel Piza;09º D.P. - CARANDIRU;DEL.SEC.4º NORTE;T;N;2.0;2026.0;noite;0;1;0
BX5884;2026-02-06;01:38:00;TENTATIVA DE HOMICIDIO;HomicIdio (art. 121);;Via Pública;-23.5148469;-46.6765549;PONTE PEQUENA;Avenida Presidente Castelo Branco;23º D.P. PERDIZES;DEL.SEC.3º OESTE;T;N;2.0;2026.0;madrugada;0;1;0
BX5884;2026-02-06;01:38:00;TENTATIVA DE HOMICIDIO;HomicIdio (art. 121);;Via Pública;-23.5148469;-46.6765549;PONTE PEQUENA;Avenida Presidente Castelo Branco;23º D.P. PERDIZES;DEL.SEC.3º OESTE;T;N;2.0;2026.0;madrugada;0;1;0
BX5884;2026-02-06;01:38:00;TENTATIVA DE HOMICIDIO;HomicIdio (art. 121);;Via Pública;-23.5148469;-46.6765549;PONTE PEQUENA;Avenida Presidente Castelo Branco;23º D.P. PERDIZES;DEL.SEC.3º OESTE;T;N;2.0;2026.0;madrugada;0;1;0
BX7203;2026-02-06;05:31:00;TENTATIVA DE HOMICIDIO;HomicIdio (art. 121);;Saúde;-23.66967627;-46.77312512;CAPAO REDONDO;AVENIDA COMENDADOR SANTANNA;47º D.P. CAPAO REDONDO;DEL.SEC.6º SANTO AMARO;T;N;2.0;2026.0;madrugada;0;0;0
BZ0961;2026-02-06;22:51:00;LATROCINIO;Roubo (art. 157);;Via Pública;-23.61007909;-46.73106059;VILA SONIA;RUA CORREGIO;89º D.P. JARDIM TABOAO;DEL.SEC.3º OESTE;C;N;2.0;2026.0;noite;0;1;1
BZ1378;2026-02-07;00:18:00;TENTATIVA DE HOMICIDIO;HomicIdio (art. 121);;Residência;;;VEDAÇAO DA DIVULGAÇAO DOS DADOS;VEDAÇAO DA DIVULGAÇAO DOS DADOS;25º D.P. PARELHEIROS;DEL.SEC.6º SANTO AMARO;T;S;2.0;2026.0;madrugada;1;0;0
BZ1378;2026-02-07;00:18:00;TENTATIVA DE HOMICIDIO;HomicIdio (art. 121);;Residência;;;VEDAÇAO DA DIVULGAÇAO DOS DADOS;VEDAÇAO DA DIVULGAÇAO DOS DADOS;25º D.P. PARELHEIROS;DEL.SEC.6º SANTO AMARO;T;S;2.0;2026.0;madrugada;1;0;0
BZ5631;2026-02-07;09:00:00;TENTATIVA DE HOMICIDIO;HomicIdio (art. 121);;Residência;;;VEDAÇAO DA DIVULGAÇAO DOS DADOS;VEDAÇAO DA DIVULGAÇAO DOS DADOS;51º D.P. RIO PEQUENO;DEL.SEC.3º OESTE;T;N;2.0;2026.0;manha;1;0;0
BZ9641;2026-02-07;14:49:00;HOMICIDIO DOLOSO;HomicIdio (art. 121);;Via Pública;-23.5457068;-46.6313076;CENTRO HISTÓRICO DE SÃO PAULO;Parque Dom Pedro II;01º D.P. SE;DEL.SEC.1º CENTRO;C;N;2.0;2026.0;tarde;1;1;1
CA1531;2026-02-07;20:15:00;TENTATIVA DE HOMICIDIO;HomicIdio (art. 121);;Via Pública;-23.54827;-46.6508242;CONSOLAÇÃO;Rua da ConsolaçAo;04º D.P. CONSOLAÇAO;DEL.SEC.1º CENTRO;T;N;2.0;2026.0;noite;1;1;0
CA1531;2026-02-07;20:15:00;TENTATIVA DE HOMICIDIO;HomicIdio (art. 121);;Via Pública;-23.54827;-46.6508242;CONSOLAÇÃO;Rua da ConsolaçAo;04º D.P. CONSOLAÇAO;DEL.SEC.1º CENTRO;T;N;2.0;2026.0;noite;1;1;0
CA1840;2026-02-07;20:49:00;HOMICIDIO DOLOSO;HomicIdio (art. 121);;Lazer e RecreaçAo;-23.5880667;-46.5523931;JARDIM TERESA;Rua Bartolomeu CorrEa Bueno;42º D.P. PARQUE S. LUCAS;DEL.SEC.5º LESTE;C;N;2.0;2026.0;noite;1;0;1
CA2517;2026-02-07;22:45:00;TENTATIVA DE HOMICIDIO;HomicIdio (art. 121);;Restaurante e Afins;-23.6124353;-46.5945134;CIDADE NOVA HELIÓPOLIS;Estrada das LAgrimas;95º D.P. HELIOPOLIS;DEL.SEC.2º SUL;T;S;2.0;2026.0;noite;1;0;0
BV9974;2026-02-05;03:05:00;HOMICIDIO DOLOSO;HomicIdio (art. 121);;Via Pública;-23.6233319;-46.479064;PARQUE SAO RAFAEL;Avenida Miguel Motoki Ogushi;55º D.P. PARQUE S.RAFAEL;DEL.SEC.8º SAO MATEUS;C;S;2.0;2026.0;madrugada;0;1;1
CB1568;2026-02-08;20:43:00;TENTATIVA DE HOMICIDIO;HomicIdio (art. 121);;Via Pública;-23.58207494;-46.38340882;CIDADE TIRADENTES;RUA BARAO TEIXEIRA DE CAMARGO;44º D.P. GUAIANAZES;DEL.SEC.8º SAO MATEUS;T;N;2.0;2026.0;noite;1;1;0
CB2628;2026-02-09;00:43:00;TENTATIVA DE HOMICIDIO;FeminicIdio;;Residência;;;VEDAÇAO DA DIVULGAÇAO DOS DADOS;VEDAÇAO DA DIVULGAÇAO DOS DADOS;85º D.P. JARDIM MIRNA;DEL.SEC.6º SANTO AMARO;T;S;2.0;2026.0;madrugada;0;0;0
CB9974;2026-02-07;13:30:00;TENTATIVA DE HOMICIDIO;HomicIdio (art. 121);;Via Pública;-23.59084237;-46.79268228;JARDIM ARPOADOR;AVENIDA GENERAL ASDRUBAL DA CUNHA;75º D.P. JARDIM ARPOADOR;DEL.SEC.3º OESTE;T;N;2.0;2026.0;tarde;1;1;0
CC8004;2026-02-09;18:38:00;HOMICIDIO DOLOSO;HomicIdio (art. 121);;Saúde;-23.5686906;-46.6401227;LIBERDADE;Rua Vergueiro;05º D.P. ACLIMACAO;DEL.SEC.1º CENTRO;C;S;2.0;2026.0;noite;0;0;1
CD3732;2026-02-10;04:35:00;TENTATIVA DE HOMICIDIO;HomicIdio (art. 121);;Residência;;;VEDAÇAO DA DIVULGAÇAO DOS DADOS;VEDAÇAO DA DIVULGAÇAO DOS DADOS;62º D.P. ERMELINO MATARAZZO;DEL.SEC.7º ITAQUERA;T;N;2.0;2026.0;madrugada;0;0;0
CD5267;2026-02-09;08:00:33;TENTATIVA DE HOMICIDIO;HomicIdio (art. 121);;Residência;;;VEDAÇAO DA DIVULGAÇAO DOS DADOS;VEDAÇAO DA DIVULGAÇAO DOS DADOS;51º D.P. RIO PEQUENO;DEL.SEC.3º OESTE;T;N;2.0;2026.0;manha;0;0;0
CE1031;2026-02-10;14:40:00;TENTATIVA DE HOMICIDIO;HomicIdio (art. 121);;Residência;;;VEDAÇAO DA DIVULGAÇAO DOS DADOS;VEDAÇAO DA DIVULGAÇAO DOS DADOS;97º D.P. AMERICANOPOLIS;DEL.SEC.2º SUL;T;S;2.0;2026.0;tarde;0;0;0
CV8061;2026-02-22;22:20:00;HOMICIDIO DOLOSO;HomicIdio (art. 121);;Via Pública;-23.5105828;-46.3829433;JARDIM NÉLIA;Rua Vicente de Oliveira Leme;50º D.P. ITAIM PAULISTA;DEL.SEC.7º ITAQUERA;C;N;2.0;2026.0;noite;1;1;1
CG2936;2026-02-11;19:53:00;TENTATIVA DE HOMICIDIO;HomicIdio (art. 121);;Comércio e Serviços;-23.539177;-46.4360641;CONJUNTO RESIDENCIAL JOSÉ BONIFÁCIO;Rua EugEnio Albini;103º D.P. COHABII/ITAQU.;DEL.SEC.7º ITAQUERA;T;S;2.0;2026.0;noite;0;0;0
CG4347;2026-02-11;21:40:00;HOMICIDIO DOLOSO;HomicIdio (art. 121);;Residência;;;VEDAÇAO DA DIVULGAÇAO DOS DADOS;VEDAÇAO DA DIVULGAÇAO DOS DADOS;75º D.P. JARDIM ARPOADOR;DEL.SEC.3º OESTE;C;S;2.0;2026.0;noite;0;0;1
CG4522;2026-02-12;00:49:00;TENTATIVA DE HOMICIDIO;HomicIdio (art. 121);;Via Pública;-23.5226123;-46.5132562;VILA RÉ;Rua JoAo Batista Monte;24º D.P. PONTE RASA;DEL.SEC.7º ITAQUERA;T;N;2.0;2026.0;madrugada;0;1;0
CG4563;2026-02-12;03:15:00;HOMICIDIO DOLOSO;HomicIdio (art. 121);;Via Pública;-23.54737638;-46.63196219;SE;PRAÇA FERNANDO COSTA;01º D.P. SE;DEL.SEC.1º CENTRO;C;S;2.0;2026.0;madrugada;0;1;1
BS9336;2026-02-03;03:59:00;HOMICIDIO DOLOSO;HomicIdio (art. 121);;Saúde;;;VEDAÇAO DA DIVULGAÇAO DOS DADOS;VEDAÇAO DA DIVULGAÇAO DOS DADOS;80º D.P. VILA JOANIZA;DEL.SEC.6º SANTO AMARO;C;S;2.0;2026.0;madrugada;0;0;1
CH2331;2026-02-12;08:50:00;HOMICIDIO DOLOSO;HomicIdio (art. 121);;Unidade Rural;;;VEDAÇAO DA DIVULGAÇAO DOS DADOS;VEDAÇAO DA DIVULGAÇAO DOS DADOS;25º D.P. PARELHEIROS;DEL.SEC.6º SANTO AMARO;C;N;2.0;2026.0;manha;0;0;1
CI2524;2026-02-13;01:10:00;TENTATIVA DE HOMICIDIO;HomicIdio (art. 121);;Via Pública;-23.5663725;-46.6841257;PINHEIROS;Rua dos Pinheiros;14º D.P. PINHEIROS;DEL.SEC.3º OESTE;T;N;2.0;2026.0;madrugada;0;1;0
CI5946;2026-02-13;09:30:00;TENTATIVA DE HOMICIDIO;FeminicIdio;;Via Pública;-23.5560894;-46.6381693;SÉ;Viaduto Jaceguai;05º D.P. ACLIMACAO;DEL.SEC.1º CENTRO;T;S;2.0;2026.0;manha;0;1;0
CJ9338;2026-02-13;23:30:00;TENTATIVA DE HOMICIDIO;HomicIdio (art. 121);;Condomínio Residencial;;;VEDAÇAO DA DIVULGAÇAO DOS DADOS;VEDAÇAO DA DIVULGAÇAO DOS DADOS;54º D.P. CID. TIRADENTES;DEL.SEC.8º SAO MATEUS;T;S;2.0;2026.0;noite;0;0;0
CJ9601;2026-02-13;23:40:00;TENTATIVA DE HOMICIDIO;HomicIdio (art. 121);;Via Pública;-23.8790221;-46.6426257;CIDADE LUZ;Rua Tito Pedro Mascelani;25º D.P. PARELHEIROS;DEL.SEC.6º SANTO AMARO;T;N;2.0;2026.0;noite;0;1;0
CJ9646;2026-02-14;03:35:00;HOMICIDIO DOLOSO;HomicIdio (art. 121);;Via Pública;-23.5492623;-46.499576;ARTUR ALVIM;RUA ARLINDO MARQUES JUNIOR;65º D.P. ARTUR ALVIM;DEL.SEC.7º ITAQUERA;C;N;2.0;2026.0;madrugada;1;1;1
CK0826;2026-02-14;06:35:00;TENTATIVA DE HOMICIDIO;HomicIdio (art. 121);;Residência;;;VEDAÇAO DA DIVULGAÇAO DOS DADOS;VEDAÇAO DA DIVULGAÇAO DOS DADOS;98º D.P. JARDIM MIRIAM;DEL.SEC.6º SANTO AMARO;T;S;2.0;2026.0;manha;1;0;0
CK9298;2026-02-14;;HOMICIDIO DOLOSO;HomicIdio (art. 121);A noite;Residência;;;VEDAÇAO DA DIVULGAÇAO DOS DADOS;VEDAÇAO DA DIVULGAÇAO DOS DADOS;101º D.P. JDIM IMBUIAS;DEL.SEC.6º SANTO AMARO;C;N;2.0;2026.0;desconhecido;1;0;1
CK9328;2026-02-14;22:30:00;TENTATIVA DE HOMICIDIO;FeminicIdio;;Via Pública;-23.58926687;-46.78396355;RAPOSO TAVARES;RUA AUGUSTO BENASSI;75º D.P. JARDIM ARPOADOR;DEL.SEC.3º OESTE;T;S;2.0;2026.0;noite;1;1;0
CL0055;2026-02-14;23:35:00;HOMICIDIO DOLOSO;HomicIdio (art. 121);;Residência;;;VEDAÇAO DA DIVULGAÇAO DOS DADOS;VEDAÇAO DA DIVULGAÇAO DOS DADOS;47º D.P. CAPAO REDONDO;DEL.SEC.6º SANTO AMARO;C;N;2.0;2026.0;noite;1;0;1
CL0218;2026-02-15;00:55:00;TENTATIVA DE HOMICIDIO;FeminicIdio;;Residência;;;VEDAÇAO DA DIVULGAÇAO DOS DADOS;VEDAÇAO DA DIVULGAÇAO DOS DADOS;24º D.P. PONTE RASA;DEL.SEC.7º ITAQUERA;T;S;2.0;2026.0;madrugada;1;0;0
CL0663;2026-02-15;05:10:58;HOMICIDIO DOLOSO;HomicIdio (art. 121);;Residência;;;VEDAÇAO DA DIVULGAÇAO DOS DADOS;VEDAÇAO DA DIVULGAÇAO DOS DADOS;39º D.P. VILA GUSTAVO;DEL.SEC.4º NORTE;C;N;2.0;2026.0;madrugada;1;0;1
CL4414;2026-02-15;05:00:00;TENTATIVA DE HOMICIDIO;FeminicIdio;;Via Pública;-23.458494;-46.6629807;JARDIM SANTA CRUZ;Avenida Masao Watanabe;38º D.P. VILA AMALIA;DEL.SEC.4º NORTE;T;N;2.0;2026.0;madrugada;1;1;0
CL4728;2026-02-15;03:00:00;TENTATIVA DE HOMICIDIO;HomicIdio (art. 121);;Condomínio Residencial;;;VEDAÇAO DA DIVULGAÇAO DOS DADOS;VEDAÇAO DA DIVULGAÇAO DOS DADOS;63º D.P. VILA JACUI;DEL.SEC.7º ITAQUERA;T;N;2.0;2026.0;madrugada;1;0;0
CN1746;2026-02-17;10:07:00;HOMICIDIO DOLOSO;HomicIdio (art. 121);;Via Pública;-23.61776132;-46.59425717;VILA VERMELHA;Rodovia Anchieta;95º D.P. HELIOPOLIS;DEL.SEC.2º SUL;C;N;2.0;2026.0;manha;0;1;1
CN2170;2026-02-17;11:10:00;TENTATIVA DE HOMICIDIO;HomicIdio (art. 121);;Restaurante e Afins;-23.6247589;-46.6078133;VILA DAS MERCES;Rua Dom Vilares;26º D.P. SACOMA;DEL.SEC.2º SUL;T;S;2.0;2026.0;manha;0;0;0
CN7191;2026-02-17;19:23:00;HOMICIDIO DOLOSO;HomicIdio (art. 121);;Via Pública;-23.44212019;-46.70699557;PIRITUBA;Avenida Raimundo Pereira de MagalhAes;74º D.P. PARADA TAIPAS;DEL.SEC.4º NORTE;C;N;2.0;2026.0;noite;0;1;1
CN8866;2026-02-17;17:00:00;TENTATIVA DE HOMICIDIO;HomicIdio (art. 121);;Via Pública;-23.5858393;-46.6597641;IBIRAPUERA;Avenida Pedro Alvares Cabral;36º D.P. VILA MARIANA;DEL.SEC.2º SUL;T;N;2.0;2026.0;tarde;0;1;0
CN9073;2026-02-18;01:44:00;HOMICIDIO DOLOSO;HomicIdio (art. 121);;Area não Ocupada;-23.63263659;-46.77478853;CAMPO LIMPO;RUA VITORIO EMANUELE ROSSI;37º D.P. CAMPO LIMPO;DEL.SEC.3º OESTE;C;N;2.0;2026.0;madrugada;0;0;1
CO1999;2026-02-18;08:01:00;HOMICIDIO DOLOSO;FeminicIdio;;Residência;;;VEDAÇAO DA DIVULGAÇAO DOS DADOS;VEDAÇAO DA DIVULGAÇAO DOS DADOS;23º D.P. PERDIZES;DEL.SEC.3º OESTE;C;N;2.0;2026.0;manha;0;0;1
CO4830;2026-02-08;;TENTATIVA DE HOMICIDIO;HomicIdio (art. 121);A noite;Via Pública;-23.5909261;-46.3946336;CIDADE TIRADENTES;Rua JosE Francisco BrandAo;54º D.P. CID. TIRADENTES;DEL.SEC.8º SAO MATEUS;T;N;2.0;2026.0;desconhecido;1;1;0
CP4378;2026-02-18;22:15:00;TENTATIVA DE HOMICIDIO;HomicIdio (art. 121);;Residência;;;VEDAÇAO DA DIVULGAÇAO DOS DADOS;VEDAÇAO DA DIVULGAÇAO DOS DADOS;91º D.P. CEASA;DEL.SEC.3º OESTE;T;S;2.0;2026.0;noite;0;0;0
CP4597;2026-02-18;23:20:00;HOMICIDIO DOLOSO;HomicIdio (art. 121);;Residência;;;VEDAÇAO DA DIVULGAÇAO DOS DADOS;VEDAÇAO DA DIVULGAÇAO DOS DADOS;46º D.P. PERUS;DEL.SEC.3º OESTE;C;N;2.0;2026.0;noite;0;0;1
CQ3159;2026-02-19;11:30:00;HOMICIDIO DOLOSO;HomicIdio (art. 121);;Via Pública;-23.80553241;-46.73651021;PARELHEIROS;RUA UM;25º D.P. PARELHEIROS;DEL.SEC.6º SANTO AMARO;C;N;2.0;2026.0;manha;0;1;1
CR0341;2026-02-19;17:00:00;TENTATIVA DE HOMICIDIO;HomicIdio (art. 121);;Residência;;;VEDAÇAO DA DIVULGAÇAO DOS DADOS;VEDAÇAO DA DIVULGAÇAO DOS DADOS;89º D.P. JARDIM TABOAO;DEL.SEC.3º OESTE;T;S;2.0;2026.0;tarde;0;0;0
CR0341;2026-02-19;17:00:00;TENTATIVA DE HOMICIDIO;HomicIdio (art. 121);;Residência;;;VEDAÇAO DA DIVULGAÇAO DOS DADOS;VEDAÇAO DA DIVULGAÇAO DOS DADOS;89º D.P. JARDIM TABOAO;DEL.SEC.3º OESTE;T;S;2.0;2026.0;tarde;0;0;0
CR7174;2026-02-18;09:11:00;HOMICIDIO DOLOSO;HomicIdio (art. 121);;Via Pública;-23.5763272;-46.553283;VILA DIVA (ZONA LESTE);Avenida Luiz Ferreira da Silva;29º D.P. VILA PRUDENTE;DEL.SEC.5º LESTE;C;N;2.0;2026.0;manha;0;1;1
CS1186;2026-02-20;11:25:00;HOMICIDIO DOLOSO;HomicIdio (art. 121);;Via Pública;-23.61170531;-46.73502901;VILA SONIA;RUA PROFESSOR JOSE HORACIO MEIRELLES TEIXEIRA;89º D.P. JARDIM TABOAO;DEL.SEC.3º OESTE;C;N;2.0;2026.0;manha;0;1;1
CS2085;2026-02-20;12:55:00;TENTATIVA DE HOMICIDIO;HomicIdio (art. 121);;Via Pública;-23.5432503;-46.6081989;BRÁS;Rua 21 de Abril;08º D.P. BRAS;DEL.SEC.1º CENTRO;T;N;2.0;2026.0;tarde;0;1;0
CS6651;2026-02-20;20:35:00;HOMICIDIO DOLOSO;HomicIdio (art. 121);;Via Pública;-23.50920918;-46.6276939;SANTANA;AVENIDA GENERAL PEDRO LEON SCHNEIDER;13º D.P. CASA VERDE;DEL.SEC.4º NORTE;C;S;2.0;2026.0;noite;0;1;1
CS9569;2026-02-21;07:40:00;TENTATIVA DE HOMICIDIO;HomicIdio (art. 121);;Residência;;;VEDAÇAO DA DIVULGAÇAO DOS DADOS;VEDAÇAO DA DIVULGAÇAO DOS DADOS;75º D.P. JARDIM ARPOADOR;DEL.SEC.3º OESTE;T;S;2.0;2026.0;manha;1;0;0
CT1139;2026-02-21;04:50:31;TENTATIVA DE HOMICIDIO;HomicIdio (art. 121);;Residência;;;VEDAÇAO DA DIVULGAÇAO DOS DADOS;VEDAÇAO DA DIVULGAÇAO DOS DADOS;09º D.P. - CARANDIRU;DEL.SEC.4º NORTE;T;S;2.0;2026.0;madrugada;1;0;0
CV0064;2026-02-21;23:08:00;TENTATIVA DE HOMICIDIO;HomicIdio (art. 121);;Via Pública;-23.5365638;-46.4232728;LAJEADO;RUA MIGUEL MARTINS LISBOA;68º D.P. LAGEADO;DEL.SEC.7º ITAQUERA;T;N;2.0;2026.0;noite;1;1;0
CV0183;2026-02-22;00:02:00;TENTATIVA DE HOMICIDIO;HomicIdio (art. 121);;Terminal/Estação;-23.54502538;-46.63109113;SE;PARQUE DOM PEDRO II;01º D.P. SE;DEL.SEC.1º CENTRO;T;S;2.0;2026.0;madrugada;1;0;0
CV0404;2026-02-22;01:28:00;TENTATIVA DE HOMICIDIO;HomicIdio (art. 121);;Saúde;-23.52949583;-46.4799227;ARTUR ALVIM;RUA NICOLO TARTAGLIA;64º D.P. CID.AE CARVALHO;DEL.SEC.7º ITAQUERA;T;N;2.0;2026.0;madrugada;1;0;0
CV1294;2026-02-22;08:33:00;TENTATIVA DE HOMICIDIO;HomicIdio (art. 121);;Residência;;;VEDAÇAO DA DIVULGAÇAO DOS DADOS;VEDAÇAO DA DIVULGAÇAO DOS DADOS;83º D.P. PARQUE BRISTOL;DEL.SEC.2º SUL;T;N;2.0;2026.0;manha;1;0;0
CV1345;2026-02-22;08:11:00;HOMICIDIO DOLOSO;HomicIdio (art. 121);;Residência;;;VEDAÇAO DA DIVULGAÇAO DOS DADOS;VEDAÇAO DA DIVULGAÇAO DOS DADOS;50º D.P. ITAIM PAULISTA;DEL.SEC.7º ITAQUERA;C;S;2.0;2026.0;manha;1;0;1
CV8322;2026-02-23;04:30:00;HOMICIDIO DOLOSO;HomicIdio (art. 121);;Via Pública;-23.69404293;-46.79061642;CAPAO REDONDO;RUA TOMAS POMPEU;47º D.P. CAPAO REDONDO;DEL.SEC.6º SANTO AMARO;C;S;2.0;2026.0;madrugada;0;1;1
CV8358;2026-02-23;05:16:00;HOMICIDIO DOLOSO;HomicIdio (art. 121);;Via Pública;-23.6684009;-46.7900657;PARQUE FERNANDA;Travessa Pedro de Oliveira Godinho;47º D.P. CAPAO REDONDO;DEL.SEC.6º SANTO AMARO;C;N;2.0;2026.0;madrugada;0;1;1
CW1485;2026-02-23;04:30:00;HOMICIDIO DOLOSO;FeminicIdio;;Via Pública;-23.4797432;-46.5852747;VILA CONSTANÇA;Avenida Júlio Buono;39º D.P. VILA GUSTAVO;DEL.SEC.4º NORTE;C;S;2.0;2026.0;madrugada;0;1;1
CX0093;2026-02-22;04:30:00;TENTATIVA DE HOMICIDIO;HomicIdio (art. 121);;Via Pública;-23.49157028;-46.59475863;VILA MEDEIROS;RUA CANDIDO FIGUEIREDO;39º D.P. VILA GUSTAVO;DEL.SEC.4º NORTE;T;N;2.0;2026.0;madrugada;1;1;0
CX1417;2026-02-23;16:59:00;HOMICIDIO DOLOSO;FeminicIdio;;Residência;;;VEDAÇAO DA DIVULGAÇAO DOS DADOS;VEDAÇAO DA DIVULGAÇAO DOS DADOS;47º D.P. CAPAO REDONDO;DEL.SEC.6º SANTO AMARO;C;S;2.0;2026.0;tarde;0;0;1
CX4498;2026-02-23;19:10:00;TENTATIVA DE HOMICIDIO;FeminicIdio;;Via Pública;-23.55229112;-46.40003855;GUAIANASES;RUA CAROLINA BRANT;44º D.P. GUAIANAZES;DEL.SEC.8º SAO MATEUS;T;S;2.0;2026.0;noite;0;1;0
CX5098;2026-02-23;21:13:00;TENTATIVA DE HOMICIDIO;HomicIdio (art. 121);;Residência;;;VEDAÇAO DA DIVULGAÇAO DOS DADOS;VEDAÇAO DA DIVULGAÇAO DOS DADOS;64º D.P. CID.AE CARVALHO;DEL.SEC.7º ITAQUERA;T;S;2.0;2026.0;noite;0;0;0
CX5783;2026-02-24;02:30:00;TENTATIVA DE HOMICIDIO;HomicIdio (art. 121);;Via Pública;-23.6735655;-46.78352795;CAPAO REDONDO;AVENIDA PROFESSOR DOUTOR TELEMACO HIPPOLYTO DE MACEDO VAN LANGENDONC;47º D.P. CAPAO REDONDO;DEL.SEC.6º SANTO AMARO;T;N;2.0;2026.0;madrugada;0;1;0
CX6431;2026-02-23;;TENTATIVA DE HOMICIDIO;HomicIdio (art. 121);Em hora incerta;Residência;;;VEDAÇAO DA DIVULGAÇAO DOS DADOS;VEDAÇAO DA DIVULGAÇAO DOS DADOS;63º D.P. VILA JACUI;DEL.SEC.7º ITAQUERA;T;N;2.0;2026.0;desconhecido;0;0;0
CY1561;2026-02-24;11:20:00;TENTATIVA DE HOMICIDIO;HomicIdio (art. 121);;Via Pública;-23.66113078;-46.73421364;JD SÃO LUIS;RUA BENTO BARROSO PEREIRA;92º D.P. PQ. SANTO ANTONIO;DEL.SEC.6º SANTO AMARO;T;N;2.0;2026.0;manha;0;1;0
CY1561;2026-02-24;11:20:00;HOMICIDIO DOLOSO;HomicIdio (art. 121);;Via Pública;-23.66113078;-46.73421364;JD SÃO LUIS;RUA BENTO BARROSO PEREIRA;92º D.P. PQ. SANTO ANTONIO;DEL.SEC.6º SANTO AMARO;C;N;2.0;2026.0;manha;0;1;1
CY7691;2026-02-24;15:30:00;HOMICIDIO DOLOSO;HomicIdio (art. 121);;Via Pública;-23.58437717;-46.38188276;CIDADE TIRADENTES;RUA ESTADO DO ESPIRITO SANTO;44º D.P. GUAIANAZES;DEL.SEC.8º SAO MATEUS;C;N;2.0;2026.0;tarde;0;1;1
CY9914;2026-02-24;16:50:00;TENTATIVA DE HOMICIDIO;HomicIdio (art. 121);;Via Pública;-23.565044;-46.46245239;PARQUE DO CARMO;RUA IBERE GOMES GROSSO;53º D.P. PARQUE DO CARMO;DEL.SEC.8º SAO MATEUS;T;S;2.0;2026.0;tarde;0;1;0
CZ2131;2026-02-24;20:30:00;HOMICIDIO DOLOSO;HomicIdio (art. 121);;Residência;;;VEDAÇAO DA DIVULGAÇAO DOS DADOS;VEDAÇAO DA DIVULGAÇAO DOS DADOS;37º D.P. CAMPO LIMPO;DEL.SEC.3º OESTE;C;S;2.0;2026.0;noite;0;0;1
CZ2778;2026-02-24;22:20:00;HOMICIDIO DOLOSO;HomicIdio (art. 121);;Via Pública;-23.64148307;-46.74774737;CAMPO LIMPO;RUA CARLOS LEITE DOS SANTOS;37º D.P. CAMPO LIMPO;DEL.SEC.3º OESTE;C;N;2.0;2026.0;noite;0;1;1
CZ2778;2026-02-24;22:20:00;TENTATIVA DE HOMICIDIO;HomicIdio (art. 121);;Via Pública;-23.64148307;-46.74774737;CAMPO LIMPO;RUA CARLOS LEITE DOS SANTOS;37º D.P. CAMPO LIMPO;DEL.SEC.3º OESTE;T;N;2.0;2026.0;noite;0;1;0
CZ2778;2026-02-24;22:20:00;TENTATIVA DE HOMICIDIO;HomicIdio (art. 121);;Via Pública;-23.64148307;-46.74774737;CAMPO LIMPO;RUA CARLOS LEITE DOS SANTOS;37º D.P. CAMPO LIMPO;DEL.SEC.3º OESTE;T;N;2.0;2026.0;noite;0;1;0
CZ2868;2026-02-24;21:38:00;LESAO CORPORAL SEGUIDA DE MORTE;ComunicaçAo de Obito;;Via Pública;;;VEDAÇAO DA DIVULGAÇAO DOS DADOS;VEDAÇAO DA DIVULGAÇAO DOS DADOS;59º D.P. JARDIM DOS IPES;DEL.SEC.7º ITAQUERA;C;N;2.0;2026.0;noite;0;1;0
CZ3334;2026-02-25;05:33:00;TENTATIVA DE HOMICIDIO;HomicIdio (art. 121);;Residência;;;VEDAÇAO DA DIVULGAÇAO DOS DADOS;VEDAÇAO DA DIVULGAÇAO DOS DADOS;41º D.P. VILA RICA;DEL.SEC.8º SAO MATEUS;T;N;2.0;2026.0;madrugada;0;0;0
CZ5656;2026-02-25;09:25:00;HOMICIDIO DOLOSO;FeminicIdio;;Residência;;;VEDAÇAO DA DIVULGAÇAO DOS DADOS;VEDAÇAO DA DIVULGAÇAO DOS DADOS;37º D.P. CAMPO LIMPO;DEL.SEC.3º OESTE;C;S;2.0;2026.0;manha;0;0;1
BR0138;2026-02-02;04:20:00;LESAO CORPORAL SEGUIDA DE MORTE;LesAo corporal (art. 129);;Via Pública;-23.54244232;-46.60670974;BELEM;RUA VINTE UM DE ABRIL;81º D.P. BELEM;DEL.SEC.5º LESTE;C;N;2.0;2026.0;madrugada;0;1;0
DA6613;2026-02-25;18:22:00;TENTATIVA DE HOMICIDIO;FeminicIdio;;Residência;;;VEDAÇAO DA DIVULGAÇAO DOS DADOS;VEDAÇAO DA DIVULGAÇAO DOS DADOS;24º D.P. PONTE RASA;DEL.SEC.7º ITAQUERA;T;S;2.0;2026.0;noite;0;0;0
DB8891;2026-02-26;13:47:00;TENTATIVA DE HOMICIDIO;HomicIdio (art. 121);;Restaurante e Afins;-23.5631624;-46.58324379;AGUA RASA;RUA TERESINA;57º D.P. PARQUE DA MOOCA;DEL.SEC.5º LESTE;T;N;2.0;2026.0;tarde;0;0;0
DC7291;2026-02-26;23:59:00;TENTATIVA DE HOMICIDIO;FeminicIdio;;Via Pública;-23.45619702;-46.66609344;CACHOEIRINHA;RUA JOSE MARIA PEIXOTO;72º D.P. VILA PENTEADO;DEL.SEC.4º NORTE;T;N;2.0;2026.0;noite;0;1;0
DC9312;2026-02-27;08:00:00;TENTATIVA DE HOMICIDIO;HomicIdio (art. 121);;Terminal/Estação;-23.5448163;-46.5934381;BELENZINHO;Avenida AlcAntara Machado;08º D.P. BRAS;DEL.SEC.1º CENTRO;T;S;2.0;2026.0;manha;0;0;0
CY4129;2026-02-24;11:30:00;HOMICIDIO DOLOSO;HomicIdio (art. 121);;Area não Ocupada;-23.71366386;-46.65708837;PEDREIRA;RUA MARGINAL DOIS;98º D.P. JARDIM MIRIAM;DEL.SEC.6º SANTO AMARO;C;N;2.0;2026.0;manha;0;0;1
DE3982;2026-02-28;04:40:00;TENTATIVA DE HOMICIDIO;HomicIdio (art. 121);;Residência;;;VEDAÇAO DA DIVULGAÇAO DOS DADOS;VEDAÇAO DA DIVULGAÇAO DOS DADOS;33º D.P. PIRITUBA;DEL.SEC.3º OESTE;T;S;2.0;2026.0;madrugada;1;0;0
DE4651;2026-02-28;04:49:00;TENTATIVA DE HOMICIDIO;HomicIdio (art. 121);;Residência;;;VEDAÇAO DA DIVULGAÇAO DOS DADOS;VEDAÇAO DA DIVULGAÇAO DOS DADOS;38º D.P. VILA AMALIA;DEL.SEC.4º NORTE;T;S;2.0;2026.0;madrugada;1;0;0
DE5318;2026-02-28;07:00:00;TENTATIVA DE HOMICIDIO;FeminicIdio;;Via Pública;-23.64265942;-46.76668318;CAMPO LIMPO;RUA MONFORTE DE LEMOS;37º D.P. CAMPO LIMPO;DEL.SEC.3º OESTE;T;S;2.0;2026.0;manha;1;1;0
DE9201;2026-02-28;11:24:00;TENTATIVA DE HOMICIDIO;HomicIdio (art. 121);;Via Pública;-23.5428016;-46.6900026;POMPEIA;Avenida PompEia;23º D.P. PERDIZES;DEL.SEC.3º OESTE;T;S;2.0;2026.0;manha;1;1;0
DE9201;2026-02-28;11:24:00;TENTATIVA DE HOMICIDIO;HomicIdio (art. 121);;Via Pública;-23.5428016;-46.6900026;POMPEIA;Avenida PompEia;23º D.P. PERDIZES;DEL.SEC.3º OESTE;T;S;2.0;2026.0;manha;1;1;0
BZ2856;2026-02-07;02:19:00;HOMICIDIO DOLOSO;HomicIdio (art. 121);;Via Pública;-23.70064047;-46.77991291;JARDIM ANGELA;RUA TACUAREMBO;100º D.P. JDIM HERCULANO;DEL.SEC.6º SANTO AMARO;C;S;2.0;2026.0;madrugada;1;1;1
BS0841;2026-02-02;04:40:00;HOMICIDIO DOLOSO;HomicIdio (art. 121);;Via Pública;-23.62337874;-46.66596964;SAÚDE;ALAMEDA DOS GUAINUMBIS;27º DP DR. IGNACIO FRANCISCO;DEL.SEC.2º SUL;C;S;2.0;2026.0;madrugada;0;1;1
CL8346;2026-02-15;21:55:00;TENTATIVA DE HOMICIDIO;HomicIdio (art. 121);;Via Pública;-23.58451661;-46.32781862;JD SÃO LUIZ;RUA REGINA CABALAU MENDONÇA;DEL.POL.SUZANO;DEL.SEC.MOGI DAS CRUZES;T;S;2.0;2026.0;noite;1;1;0
CL8346;2026-02-15;21:55:00;TENTATIVA DE HOMICIDIO;HomicIdio (art. 121);;Via Pública;-23.58451661;-46.32781862;JD SÃO LUIZ;RUA REGINA CABALAU MENDONÇA;DEL.POL.SUZANO;DEL.SEC.MOGI DAS CRUZES;T;S;2.0;2026.0;noite;1;1;0
CR2560;2026-02-19;;TENTATIVA DE HOMICIDIO;FeminicIdio;Em hora incerta;Residência;;;VEDAÇAO DA DIVULGAÇAO DOS DADOS;VEDAÇAO DA DIVULGAÇAO DOS DADOS;05º D.P. GUARULHOS;DEL.SEC.GUARULHOS;T;S;2.0;2026.0;desconhecido;0;0;0
DF5494;2026-03-01;04:15:00;TENTATIVA DE HOMICIDIO;HomicIdio (art. 121);;Via Pública;-23.7112235;-46.6190258;ELDORADO;Rua Vinte e Um;98º D.P. JARDIM MIRIAM;DEL.SEC.6º SANTO AMARO;T;S;3.0;2026.0;madrugada;1;1;0
DF5678;2026-03-01;06:00:00;TENTATIVA DE HOMICIDIO;HomicIdio (art. 121);;Condomínio Residencial;;;VEDAÇAO DA DIVULGAÇAO DOS DADOS;VEDAÇAO DA DIVULGAÇAO DOS DADOS;28º D.P. FREGUESIA DO O;DEL.SEC.4º NORTE;T;S;3.0;2026.0;manha;1;0;0
DF6563;2026-03-01;11:02:00;HOMICIDIO DOLOSO;FeminicIdio;;Hospedagem;;;VEDAÇAO DA DIVULGAÇAO DOS DADOS;VEDAÇAO DA DIVULGAÇAO DOS DADOS;69º D.P. TEOTONIO VILELA;DEL.SEC.8º SAO MATEUS;C;S;3.0;2026.0;manha;1;0;1
DF7728;2026-03-01;14:21:00;HOMICIDIO DOLOSO;HomicIdio (art. 121);;Centro Comercial/Empresarial;-23.5537999;-46.6295117;LIBERDADE;Rua Oscar Cintra Gordinho;01º D.P. SE;DEL.SEC.1º CENTRO;C;N;3.0;2026.0;tarde;1;0;1
DG1824;2026-03-01;21:48:57;TENTATIVA DE HOMICIDIO;HomicIdio (art. 121);;Saúde;;;VEDAÇAO DA DIVULGAÇAO DOS DADOS;VEDAÇAO DA DIVULGAÇAO DOS DADOS;68º D.P. LAGEADO;DEL.SEC.7º ITAQUERA;T;N;3.0;2026.0;noite;1;0;0
DG1824;2026-03-01;21:48:00;HOMICIDIO DOLOSO;HomicIdio (art. 121);;Saúde;;;VEDAÇAO DA DIVULGAÇAO DOS DADOS;VEDAÇAO DA DIVULGAÇAO DOS DADOS;68º D.P. LAGEADO;DEL.SEC.7º ITAQUERA;C;N;3.0;2026.0;noite;1;0;1
DG2040;2026-03-02;03:50:00;HOMICIDIO DOLOSO;HomicIdio (art. 121);;Terminal/Estação;-23.5201513;-46.7008254;LAPA;Praça Miguel Dell'Erba;07º D.P. LAPA;DEL.SEC.3º OESTE;C;S;3.0;2026.0;madrugada;0;0;1
DH7390;2026-03-02;20:00:00;TENTATIVA DE HOMICIDIO;HomicIdio (art. 121);;Estabelecimento de Ensino;;;VEDAÇAO DA DIVULGAÇAO DOS DADOS;VEDAÇAO DA DIVULGAÇAO DOS DADOS;101º D.P. JDIM IMBUIAS;DEL.SEC.6º SANTO AMARO;T;N;3.0;2026.0;noite;0;0;0
DI2708;2026-03-01;;HOMICIDIO DOLOSO;FeminicIdio;A noite;Residência;;;VEDAÇAO DA DIVULGAÇAO DOS DADOS;VEDAÇAO DA DIVULGAÇAO DOS DADOS;73º D.P. JACANA;DEL.SEC.4º NORTE;C;N;3.0;2026.0;desconhecido;1;0;1
DK2487;2026-03-04;00:15:00;HOMICIDIO DOLOSO;HomicIdio (art. 121);;Via Pública;-23.4984669;-46.5883718;JARDIM JAPAO;Avenida ConceiçAo;39º D.P. VILA GUSTAVO;DEL.SEC.4º NORTE;C;S;3.0;2026.0;madrugada;0;1;1
DK3637;2026-03-04;09:50:00;HOMICIDIO DOLOSO;HomicIdio (art. 121);;Residência;;;VEDAÇAO DA DIVULGAÇAO DOS DADOS;VEDAÇAO DA DIVULGAÇAO DOS DADOS;05º D.P. ACLIMACAO;DEL.SEC.1º CENTRO;T;N;3.0;2026.0;manha;0;0;1
DK3637;2026-03-04;09:50:00;TENTATIVA DE HOMICIDIO;HomicIdio (art. 121);;Residência;;;VEDAÇAO DA DIVULGAÇAO DOS DADOS;VEDAÇAO DA DIVULGAÇAO DOS DADOS;05º D.P. ACLIMACAO;DEL.SEC.1º CENTRO;T;N;3.0;2026.0;manha;0;0;0
DK7737;2026-03-04;15:20:00;HOMICIDIO DOLOSO;FeminicIdio;;Residência;;;VEDAÇAO DA DIVULGAÇAO DOS DADOS;VEDAÇAO DA DIVULGAÇAO DOS DADOS;100º D.P. JDIM HERCULANO;DEL.SEC.6º SANTO AMARO;C;S;3.0;2026.0;tarde;0;0;1
DL2289;2026-03-05;03:30:00;TENTATIVA DE HOMICIDIO;HomicIdio (art. 121);;Via Pública;;;VEDAÇAO DA DIVULGAÇAO DOS DADOS;VEDAÇAO DA DIVULGAÇAO DOS DADOS;37º D.P. CAMPO LIMPO;DEL.SEC.3º OESTE;T;N;3.0;2026.0;madrugada;0;1;0
DL2289;2026-03-05;03:30:00;TENTATIVA DE HOMICIDIO;HomicIdio (art. 121);;Via Pública;-23.6309841;-46.7589032;JARDIM CATANDUVA;Rua JoAo Franco Lima;37º D.P. CAMPO LIMPO;DEL.SEC.3º OESTE;T;N;3.0;2026.0;madrugada;0;1;0
DL4716;2026-03-05;06:50:00;TENTATIVA DE HOMICIDIO;FeminicIdio;;Residência;;;VEDAÇAO DA DIVULGAÇAO DOS DADOS;VEDAÇAO DA DIVULGAÇAO DOS DADOS;63º D.P. VILA JACUI;DEL.SEC.7º ITAQUERA;T;S;3.0;2026.0;manha;0;0;0
DL4716;2026-03-05;06:50:00;TENTATIVA DE HOMICIDIO;FeminicIdio;;Residência;;;VEDAÇAO DA DIVULGAÇAO DOS DADOS;VEDAÇAO DA DIVULGAÇAO DOS DADOS;63º D.P. VILA JACUI;DEL.SEC.7º ITAQUERA;T;S;3.0;2026.0;manha;0;0;0
DM3154;2026-03-05;14:40:00;HOMICIDIO DOLOSO;HomicIdio (art. 121);;Via Pública;-23.65526054;-46.76782173;CAMPO LIMPO;RUA FRANCISCO DA CRUZ MELLAO;37º D.P. CAMPO LIMPO;DEL.SEC.3º OESTE;C;N;3.0;2026.0;tarde;0;1;1
DO1795;2026-03-06;19:04:00;HOMICIDIO DOLOSO;HomicIdio (art. 121);;Via Pública;-23.5842755;-46.5788081;VILA PRUDENTE;Avenida Professor Luiz IgnAcio Anhaia Mello;56º D.P. VILA ALPINA;DEL.SEC.5º LESTE;C;N;3.0;2026.0;noite;0;1;1
DO3065;2026-03-06;22:58:53;TENTATIVA DE HOMICIDIO;FeminicIdio;;Residência;;;VEDAÇAO DA DIVULGAÇAO DOS DADOS;VEDAÇAO DA DIVULGAÇAO DOS DADOS;33º D.P. PIRITUBA;DEL.SEC.3º OESTE;T;N;3.0;2026.0;noite;0;0;0
DO3065;2026-03-06;22:58:53;TENTATIVA DE HOMICIDIO;FeminicIdio;;Residência;;;VEDAÇAO DA DIVULGAÇAO DOS DADOS;VEDAÇAO DA DIVULGAÇAO DOS DADOS;33º D.P. PIRITUBA;DEL.SEC.3º OESTE;T;N;3.0;2026.0;noite;0;0;0
DO3943;2026-03-07;03:38:00;TENTATIVA DE HOMICIDIO;FeminicIdio;;Residência;;;VEDAÇAO DA DIVULGAÇAO DOS DADOS;VEDAÇAO DA DIVULGAÇAO DOS DADOS;35º D.P. JABAQUARA;DEL.SEC.2º SUL;T;S;3.0;2026.0;madrugada;1;0;0
DO3943;2026-03-07;03:38:00;TENTATIVA DE HOMICIDIO;FeminicIdio;;Residência;;;VEDAÇAO DA DIVULGAÇAO DOS DADOS;VEDAÇAO DA DIVULGAÇAO DOS DADOS;35º D.P. JABAQUARA;DEL.SEC.2º SUL;T;S;3.0;2026.0;madrugada;1;0;0
DO4945;2026-03-07;05:52:00;HOMICIDIO DOLOSO;HomicIdio (art. 121);;Via Pública;-23.76206647;-46.72394962;JARDIM DAS ACACIAS;Avenida Roque Petroni Júnior;85º D.P. JARDIM MIRNA;DEL.SEC.6º SANTO AMARO;C;N;3.0;2026.0;madrugada;1;1;1
DO7802;2026-03-07;08:10:00;TENTATIVA DE HOMICIDIO;HomicIdio (art. 121);;Residência;;;VEDAÇAO DA DIVULGAÇAO DOS DADOS;VEDAÇAO DA DIVULGAÇAO DOS DADOS;100º D.P. JDIM HERCULANO;DEL.SEC.6º SANTO AMARO;T;S;3.0;2026.0;manha;1;0;0
DO7802;2026-03-07;08:10:00;TENTATIVA DE HOMICIDIO;HomicIdio (art. 121);;Residência;;;VEDAÇAO DA DIVULGAÇAO DOS DADOS;VEDAÇAO DA DIVULGAÇAO DOS DADOS;100º D.P. JDIM HERCULANO;DEL.SEC.6º SANTO AMARO;T;S;3.0;2026.0;manha;1;0;0
DO8854;2026-03-07;10:14:00;HOMICIDIO DOLOSO;HomicIdio (art. 121);;Via Pública;-23.533011;-46.6437686;CAMPOS ELÍSEOS;Alameda BarAo de Piracicaba;77º D.P. SANTA CECILIA;DEL.SEC.1º CENTRO;C;S;3.0;2026.0;manha;1;1;1
DP2640;2026-03-07;17:14:00;TENTATIVA DE HOMICIDIO;HomicIdio (art. 121);;Via Pública;-23.4764401;-46.6832902;PARQUE SAO LUIS;Rua ClAudio Ghirelli;45º D.P. V BRASILANDIA;DEL.SEC.4º NORTE;T;N;3.0;2026.0;tarde;1;1;0
DP2640;2026-03-07;17:14:00;TENTATIVA DE HOMICIDIO;HomicIdio (art. 121);;Via Pública;-23.4764401;-46.6832902;PARQUE SAO LUIS;Rua ClAudio Ghirelli;45º D.P. V BRASILANDIA;DEL.SEC.4º NORTE;T;N;3.0;2026.0;tarde;1;1;0
DP2640;2026-03-07;17:14:00;HOMICIDIO DOLOSO;HomicIdio (art. 121);;Via Pública;-23.4764401;-46.6832902;PARQUE SAO LUIS;Rua ClAudio Ghirelli;45º D.P. V BRASILANDIA;DEL.SEC.4º NORTE;T;N;3.0;2026.0;tarde;1;1;1
DQ3161;2026-03-08;21:20:00;HOMICIDIO DOLOSO;FeminicIdio;;Residência;;;VEDAÇAO DA DIVULGAÇAO DOS DADOS;VEDAÇAO DA DIVULGAÇAO DOS DADOS;69º D.P. TEOTONIO VILELA;DEL.SEC.8º SAO MATEUS;C;S;3.0;2026.0;noite;1;0;1
DQ3657;2026-03-08;21:45:00;TENTATIVA DE HOMICIDIO;HomicIdio (art. 121);;Via Pública;-23.67797281;-46.78447147;CAPAO REDONDO;RUA LUSITANO SOARES;47º D.P. CAPAO REDONDO;DEL.SEC.6º SANTO AMARO;T;N;3.0;2026.0;noite;1;1;0
DQ3716;2026-03-08;22:20:28;HOMICIDIO DOLOSO;HomicIdio (art. 121);;Via Pública;-23.58904019;-46.7969932;RAPOSO TAVARES;RUA CACHOEIRA PORAQUE;75º D.P. JARDIM ARPOADOR;DEL.SEC.3º OESTE;C;N;3.0;2026.0;noite;1;1;1
DQ6635;2026-03-09;01:50:00;TENTATIVA DE HOMICIDIO;FeminicIdio;;Residência;;;VEDAÇAO DA DIVULGAÇAO DOS DADOS;VEDAÇAO DA DIVULGAÇAO DOS DADOS;21º D.P. VILA MATILDE;DEL.SEC.5º LESTE;T;S;3.0;2026.0;madrugada;0;0;0
DT8724;2026-03-10;20:50:00;HOMICIDIO DOLOSO;HomicIdio (art. 121);;Residência;;;VEDAÇAO DA DIVULGAÇAO DOS DADOS;VEDAÇAO DA DIVULGAÇAO DOS DADOS;25º D.P. PARELHEIROS;DEL.SEC.6º SANTO AMARO;C;N;3.0;2026.0;noite;0;0;1
DW9704;2026-03-12;19:38:00;TENTATIVA DE HOMICIDIO;FeminicIdio;;Residência;;;VEDAÇAO DA DIVULGAÇAO DOS DADOS;VEDAÇAO DA DIVULGAÇAO DOS DADOS;92º D.P. PQ. SANTO ANTONIO;DEL.SEC.6º SANTO AMARO;T;S;3.0;2026.0;noite;0;0;0
DY3960;2026-03-13;15:17:09;TENTATIVA DE HOMICIDIO;FeminicIdio;;Residência;;;VEDAÇAO DA DIVULGAÇAO DOS DADOS;VEDAÇAO DA DIVULGAÇAO DOS DADOS;100º D.P. JDIM HERCULANO;DEL.SEC.6º SANTO AMARO;T;S;3.0;2026.0;tarde;0;0;0
DY6163;2026-03-13;18:35:42;HOMICIDIO DOLOSO;HomicIdio (art. 121);;Via Pública;-23.63500702;-46.73502697;VILA ANDRADE;RUA OLAVO LEITE;89º D.P. JARDIM TABOAO;DEL.SEC.3º OESTE;C;N;3.0;2026.0;noite;0;1;1
DZ1257;2026-03-14;06:00:00;TENTATIVA DE HOMICIDIO;HomicIdio (art. 121);;Via Pública;-23.65175116;-46.79074674;CAPAO REDONDO;RUA POVOA DE VARZIM;47º D.P. CAPAO REDONDO;DEL.SEC.6º SANTO AMARO;T;N;3.0;2026.0;manha;1;1;0
DZ1257;2026-03-14;06:00:00;TENTATIVA DE HOMICIDIO;HomicIdio (art. 121);;Via Pública;-23.65175116;-46.79074674;CAPAO REDONDO;RUA POVOA DE VARZIM;47º D.P. CAPAO REDONDO;DEL.SEC.6º SANTO AMARO;T;N;3.0;2026.0;manha;1;1;0
DZ1257;2026-03-14;06:00:00;TENTATIVA DE HOMICIDIO;HomicIdio (art. 121);;Via Pública;-23.65175116;-46.79074674;CAPAO REDONDO;RUA POVOA DE VARZIM;47º D.P. CAPAO REDONDO;DEL.SEC.6º SANTO AMARO;T;N;3.0;2026.0;manha;1;1;0
DZ1257;2026-03-14;06:00:00;TENTATIVA DE HOMICIDIO;HomicIdio (art. 121);;Via Pública;-23.65175116;-46.79074674;CAPAO REDONDO;RUA POVOA DE VARZIM;47º D.P. CAPAO REDONDO;DEL.SEC.6º SANTO AMARO;T;N;3.0;2026.0;manha;1;1;0
DZ1257;2026-03-14;06:00:00;TENTATIVA DE HOMICIDIO;HomicIdio (art. 121);;Via Pública;-23.65175116;-46.79074674;CAPAO REDONDO;RUA POVOA DE VARZIM;47º D.P. CAPAO REDONDO;DEL.SEC.6º SANTO AMARO;T;N;3.0;2026.0;manha;1;1;0
DZ6006;2026-03-14;18:10:00;TENTATIVA DE HOMICIDIO;HomicIdio (art. 121);;Via Pública;-23.58034769;-46.67842047;ITAIM BIBI;AVENIDA NOVE DE JULHO;15º D.P. DR. LUC. H BEIGUELMAN;DEL.SEC.3º OESTE;T;S;3.0;2026.0;noite;1;1;0
DZ9080;2026-03-15;04:31:00;TENTATIVA DE HOMICIDIO;HomicIdio (art. 121);;Via Pública;-23.76744165;-46.68458093;GRAJAU;RUA BENEDITA MARTINS RAMOS;85º D.P. JARDIM MIRNA;DEL.SEC.6º SANTO AMARO;T;N;3.0;2026.0;madrugada;1;1;0
EA5304;2026-03-15;08:44:00;TENTATIVA DE HOMICIDIO;HomicIdio (art. 121);;Via Pública;-23.77267379;-46.69164984;GRAJAU;RUA SANDARA;85º D.P. JARDIM MIRNA;DEL.SEC.6º SANTO AMARO;T;S;3.0;2026.0;manha;1;1;0
EA6670;2026-03-15;22:30:00;HOMICIDIO DOLOSO;HomicIdio (art. 121);;Via Pública;;;VEDAÇAO DA DIVULGAÇAO DOS DADOS;VEDAÇAO DA DIVULGAÇAO DOS DADOS;47º D.P. CAPAO REDONDO;DEL.SEC.6º SANTO AMARO;C;S;3.0;2026.0;noite;1;1;1
EA8335;2026-03-16;05:40:00;TENTATIVA DE HOMICIDIO;FeminicIdio;;Via Pública;-23.7648439;-46.67985;JARDIM NOVO JAU;Rua AmErica do Sul;85º D.P. JARDIM MIRNA;DEL.SEC.6º SANTO AMARO;T;S;3.0;2026.0;madrugada;0;1;0
EB0781;2026-03-16;09:41:00;HOMICIDIO DOLOSO;Morte suspeita;;Residência;;;VEDAÇAO DA DIVULGAÇAO DOS DADOS;VEDAÇAO DA DIVULGAÇAO DOS DADOS;101º D.P. JDIM IMBUIAS;DEL.SEC.6º SANTO AMARO;C;N;3.0;2026.0;manha;0;0;1
EE3477;2026-03-18;06:52:00;TENTATIVA DE HOMICIDIO;HomicIdio (art. 121);;Entidade Assistencial;;;VEDAÇAO DA DIVULGAÇAO DOS DADOS;VEDAÇAO DA DIVULGAÇAO DOS DADOS;43º D.P. CIDADE ADEMAR;DEL.SEC.6º SANTO AMARO;T;N;3.0;2026.0;manha;0;0;0
EF0204;2026-03-18;03:00:00;TENTATIVA DE HOMICIDIO;HomicIdio (art. 121);;Residência;;;VEDAÇAO DA DIVULGAÇAO DOS DADOS;VEDAÇAO DA DIVULGAÇAO DOS DADOS;37º D.P. CAMPO LIMPO;DEL.SEC.3º OESTE;T;N;3.0;2026.0;madrugada;0;0;0
EF5636;2026-03-05;22:40:44;HOMICIDIO DOLOSO;HomicIdio (art. 121);;Residência;;;VEDAÇAO DA DIVULGAÇAO DOS DADOS;VEDAÇAO DA DIVULGAÇAO DOS DADOS;43º D.P. CIDADE ADEMAR;DEL.SEC.6º SANTO AMARO;C;N;3.0;2026.0;noite;0;0;1
EF8906;2026-03-18;22:40:00;HOMICIDIO DOLOSO;HomicIdio (art. 121);;Condomínio Residencial;;;VEDAÇAO DA DIVULGAÇAO DOS DADOS;VEDAÇAO DA DIVULGAÇAO DOS DADOS;59º D.P. JARDIM DOS IPES;DEL.SEC.7º ITAQUERA;C;S;3.0;2026.0;noite;0;0;1
EF9167;2026-03-18;23:16:38;HOMICIDIO DOLOSO;HomicIdio (art. 121);;Residência;;;VEDAÇAO DA DIVULGAÇAO DOS DADOS;VEDAÇAO DA DIVULGAÇAO DOS DADOS;50º D.P. ITAIM PAULISTA;DEL.SEC.7º ITAQUERA;C;N;3.0;2026.0;noite;0;0;1
EG6235;2026-03-19;12:20:00;TENTATIVA DE HOMICIDIO;FeminicIdio;;Residência;;;VEDAÇAO DA DIVULGAÇAO DOS DADOS;VEDAÇAO DA DIVULGAÇAO DOS DADOS;42º D.P. PARQUE S. LUCAS;DEL.SEC.5º LESTE;T;S;3.0;2026.0;tarde;0;0;0
EH6599;2026-03-20;03:30:00;LATROCINIO;Roubo (art. 157);;Residência;;;VEDAÇAO DA DIVULGAÇAO DOS DADOS;VEDAÇAO DA DIVULGAÇAO DOS DADOS;01º D.P. SE;DEL.SEC.1º CENTRO;C;N;3.0;2026.0;madrugada;0;0;1
EJ3889;2026-03-21;01:03:00;TENTATIVA DE HOMICIDIO;FeminicIdio;;Residência;;;VEDAÇAO DA DIVULGAÇAO DOS DADOS;VEDAÇAO DA DIVULGAÇAO DOS DADOS;47º D.P. CAPAO REDONDO;DEL.SEC.6º SANTO AMARO;T;S;3.0;2026.0;madrugada;1;0;0
EJ5154;2026-03-21;07:18:00;HOMICIDIO DOLOSO;HomicIdio (art. 121);;Residência;;;VEDAÇAO DA DIVULGAÇAO DOS DADOS;VEDAÇAO DA DIVULGAÇAO DOS DADOS;35º D.P. JABAQUARA;DEL.SEC.2º SUL;C;S;3.0;2026.0;manha;1;0;1
EJ9834;2026-03-21;13:10:00;HOMICIDIO DOLOSO;HomicIdio (art. 121);;Residência;;;VEDAÇAO DA DIVULGAÇAO DOS DADOS;VEDAÇAO DA DIVULGAÇAO DOS DADOS;100º D.P. JDIM HERCULANO;DEL.SEC.6º SANTO AMARO;C;N;3.0;2026.0;tarde;1;0;1
EK1254;2026-03-21;17:40:00;HOMICIDIO DOLOSO;HomicIdio (art. 121);;Via Pública;-23.6358218;-46.7537529;PARQUE REGINA;Rua Professor LeitAo da Cunha;37º D.P. CAMPO LIMPO;DEL.SEC.3º OESTE;C;N;3.0;2026.0;tarde;1;1;1
EK1516;2026-03-21;18:53:00;TENTATIVA DE HOMICIDIO;HomicIdio (art. 121);;Via Pública;-23.5597676;-46.6467362;MORRO DOS INGLESES;Rua dos Ingleses;05º D.P. ACLIMACAO;DEL.SEC.1º CENTRO;T;N;3.0;2026.0;noite;1;1;0
EK1550;2026-03-21;17:00:00;TENTATIVA DE HOMICIDIO;HomicIdio (art. 121);;Restaurante e Afins;-23.48654235;-46.45568523;SAO MIGUEL;RUA CATLEIAS;63º D.P. VILA JACUI;DEL.SEC.7º ITAQUERA;T;N;3.0;2026.0;tarde;1;0;0
EK2106;2026-03-21;19:04:56;HOMICIDIO DOLOSO;HomicIdio (art. 121);;Centro Comercial/Empresarial;-23.6355407;-46.6286129;VILA ÁGUA FUNDA;Rua Jacape;83º D.P. PARQUE BRISTOL;DEL.SEC.2º SUL;C;S;3.0;2026.0;noite;1;0;1
EK4137;2026-03-21;23:50:00;TENTATIVA DE HOMICIDIO;HomicIdio (art. 121);;Via Pública;-23.53811079;-46.59909203;BELEM;AVENIDA CELSO GARCIA;81º D.P. BELEM;DEL.SEC.5º LESTE;T;N;3.0;2026.0;noite;1;1;0
EK4498;2026-03-22;02:47:00;HOMICIDIO DOLOSO;HomicIdio (art. 121);;Via Pública;-23.7181353;-46.7665152;JARDIM ARACATI;Rua Maria Augusta da Silva;100º D.P. JDIM HERCULANO;DEL.SEC.6º SANTO AMARO;C;N;3.0;2026.0;madrugada;1;1;1
EK8650;2026-03-22;08:03:00;TENTATIVA DE HOMICIDIO;HomicIdio (art. 121);;Via Pública;-23.7519327;-46.773643;JARDIM ANGELA;Rua Roberto Amodei;100º D.P. JDIM HERCULANO;DEL.SEC.6º SANTO AMARO;T;N;3.0;2026.0;manha;1;1;0
EK8957;2026-03-22;15:20:00;HOMICIDIO DOLOSO;FeminicIdio;;Residência;;;VEDAÇAO DA DIVULGAÇAO DOS DADOS;VEDAÇAO DA DIVULGAÇAO DOS DADOS;32º D.P. ITAQUERA;DEL.SEC.7º ITAQUERA;C;N;3.0;2026.0;tarde;1;0;1
EK9482;2026-03-22;18:02:56;HOMICIDIO DOLOSO;HomicIdio (art. 121);;Via Pública;-23.6097244;-46.6577304;MOEMA;AVENIDA JUREMA;27º DP DR. IGNACIO FRANCISCO;DEL.SEC.2º SUL;C;N;3.0;2026.0;noite;1;1;1
EK9976;2026-03-22;20:35:00;TENTATIVA DE HOMICIDIO;HomicIdio (art. 121);;Via Pública;-23.59058928;-46.65081401;MOEMA;AVENIDA IBIRAPUERA;36º D.P. VILA MARIANA;DEL.SEC.2º SUL;T;N;3.0;2026.0;noite;1;1;0
EL2352;2026-03-23;03:06:00;HOMICIDIO DOLOSO;ComunicaçAo de Obito;;Residência;;;VEDAÇAO DA DIVULGAÇAO DOS DADOS;VEDAÇAO DA DIVULGAÇAO DOS DADOS;21º D.P. VILA MATILDE;DEL.SEC.5º LESTE;C;S;3.0;2026.0;madrugada;0;0;1
EL3277;2026-03-23;06:30:00;TENTATIVA DE HOMICIDIO;HomicIdio (art. 121);;Residência;;;VEDAÇAO DA DIVULGAÇAO DOS DADOS;VEDAÇAO DA DIVULGAÇAO DOS DADOS;64º D.P. CID.AE CARVALHO;DEL.SEC.7º ITAQUERA;T;N;3.0;2026.0;manha;0;0;0
EL3542;2026-03-22;21:35:00;HOMICIDIO DOLOSO;HomicIdio (art. 121);;Favela;;;VEDAÇAO DA DIVULGAÇAO DOS DADOS;VEDAÇAO DA DIVULGAÇAO DOS DADOS;53º D.P. PARQUE DO CARMO;DEL.SEC.8º SAO MATEUS;C;N;3.0;2026.0;noite;1;0;1
EL3887;2026-03-23;06:00:00;TENTATIVA DE HOMICIDIO;HomicIdio (art. 121);;Favela;;;VEDAÇAO DA DIVULGAÇAO DOS DADOS;VEDAÇAO DA DIVULGAÇAO DOS DADOS;89º D.P. JARDIM TABOAO;DEL.SEC.3º OESTE;T;N;3.0;2026.0;manha;0;0;0
EL4210;2026-03-23;03:33:00;HOMICIDIO DOLOSO;HomicIdio (art. 121);;Restaurante e Afins;-23.59397689;-46.55078479;VILA EMA;Avenida Vila Ema;42º D.P. PARQUE S. LUCAS;DEL.SEC.5º LESTE;C;N;3.0;2026.0;madrugada;0;0;1
EL5780;2026-03-22;18:35:00;HOMICIDIO DOLOSO;Morte suspeita;;Saúde;-23.50041011;-46.47356342;ERMELINO MATARAZZO;ALAMEDA RODRIGO DE BRUM;62º D.P. ERMELINO MATARAZZO;DEL.SEC.7º ITAQUERA;C;N;3.0;2026.0;noite;1;0;1
EL7116;2026-03-23;10:20:00;HOMICIDIO DOLOSO;HomicIdio (art. 121);;Via Pública;-23.88492061;-46.7574256;MARSILAC;RUA VITTORIO RASSATI;25º D.P. PARELHEIROS;DEL.SEC.6º SANTO AMARO;C;N;3.0;2026.0;manha;0;1;1
EL7732;2026-03-23;06:25:00;TENTATIVA DE HOMICIDIO;FeminicIdio;;Residência;;;VEDAÇAO DA DIVULGAÇAO DOS DADOS;VEDAÇAO DA DIVULGAÇAO DOS DADOS;92º D.P. PQ. SANTO ANTONIO;DEL.SEC.6º SANTO AMARO;T;S;3.0;2026.0;manha;0;0;0
EM3693;2026-03-23;12:30:00;TENTATIVA DE HOMICIDIO;FeminicIdio;;Condomínio Residencial;;;VEDAÇAO DA DIVULGAÇAO DOS DADOS;VEDAÇAO DA DIVULGAÇAO DOS DADOS;47º D.P. CAPAO REDONDO;DEL.SEC.6º SANTO AMARO;T;N;3.0;2026.0;tarde;0;0;0
EM3693;2026-03-23;12:30:00;TENTATIVA DE HOMICIDIO;FeminicIdio;;Condomínio Residencial;;;VEDAÇAO DA DIVULGAÇAO DOS DADOS;VEDAÇAO DA DIVULGAÇAO DOS DADOS;47º D.P. CAPAO REDONDO;DEL.SEC.6º SANTO AMARO;T;N;3.0;2026.0;tarde;0;0;0
EM8619;2026-03-23;03:00:00;TENTATIVA DE HOMICIDIO;HomicIdio (art. 121);;Via Pública;-23.46142747;-46.68980758;BRASILANDIA;RUA MANOEL NASCIMENTO PINTO;74º D.P. PARADA TAIPAS;DEL.SEC.4º NORTE;T;N;3.0;2026.0;madrugada;0;1;0
EM8701;2026-03-23;19:43:00;HOMICIDIO DOLOSO;HomicIdio (art. 121);;Via Pública;-23.4605884;-46.65328572;CACHOEIRINHA;RUA CONDESSA AMALIA MATARAZZO;38º D.P. VILA AMALIA;DEL.SEC.4º NORTE;C;N;3.0;2026.0;noite;0;1;1
EN5377;2026-03-24;09:00:00;HOMICIDIO DOLOSO;HomicIdio (art. 121);;Via Pública;-23.7283288;-46.6677551;JARDIM TOCA;Rua do Pier;101º D.P. JDIM IMBUIAS;DEL.SEC.6º SANTO AMARO;C;N;3.0;2026.0;manha;0;1;1
EO7883;2026-03-22;02:30:00;LESAO CORPORAL SEGUIDA DE MORTE;LesAo corporal (art. 129);;Restaurante e Afins;-23.6586686;-46.7566838;PARQUE SANTO ANTÔNIO;Rua Manuel Bordalo Pinheiro;92º D.P. PQ. SANTO ANTONIO;DEL.SEC.6º SANTO AMARO;C;N;3.0;2026.0;madrugada;1;0;0
EP0485;2026-03-24;23:00:00;TENTATIVA DE HOMICIDIO;HomicIdio (art. 121);;Residência;;;VEDAÇAO DA DIVULGAÇAO DOS DADOS;VEDAÇAO DA DIVULGAÇAO DOS DADOS;73º D.P. JACANA;DEL.SEC.4º NORTE;T;N;3.0;2026.0;noite;0;0;0
EP8773;2026-03-25;14:54:00;TENTATIVA DE HOMICIDIO;FeminicIdio;;Residência;;;VEDAÇAO DA DIVULGAÇAO DOS DADOS;VEDAÇAO DA DIVULGAÇAO DOS DADOS;59º D.P. JARDIM DOS IPES;DEL.SEC.7º ITAQUERA;T;S;3.0;2026.0;tarde;0;0;0
EQ0478;2026-03-25;13:00:00;TENTATIVA DE HOMICIDIO;HomicIdio (art. 121);;Via Pública;-23.77008243;-46.68145389;GRAJAU;RUA MAJOR LUCIO DIAS RAMOS;85º D.P. JARDIM MIRNA;DEL.SEC.6º SANTO AMARO;T;S;3.0;2026.0;tarde;0;1;0
ER4090;2026-03-21;;TENTATIVA DE HOMICIDIO;HomicIdio (art. 121);A noite;Residência;;;VEDAÇAO DA DIVULGAÇAO DOS DADOS;VEDAÇAO DA DIVULGAÇAO DOS DADOS;101º D.P. JDIM IMBUIAS;DEL.SEC.6º SANTO AMARO;T;N;3.0;2026.0;desconhecido;1;0;0
ER5834;2026-03-26;15:20:00;HOMICIDIO DOLOSO;HomicIdio (art. 121);;Via Pública;-23.6482732;-46.7854173;JARDIM MITSUTANI;Rua TemIstocles Aranha;47º D.P. CAPAO REDONDO;DEL.SEC.6º SANTO AMARO;C;N;3.0;2026.0;tarde;0;1;1
ER8701;2026-03-26;19:45:42;TENTATIVA DE HOMICIDIO;FeminicIdio;;Residência;;;VEDAÇAO DA DIVULGAÇAO DOS DADOS;VEDAÇAO DA DIVULGAÇAO DOS DADOS;73º D.P. JACANA;DEL.SEC.4º NORTE;T;S;3.0;2026.0;noite;0;0;0
ES1128;2026-03-27;02:13:00;TENTATIVA DE HOMICIDIO;HomicIdio (art. 121);;Via Pública;-23.6775236;-46.7941931;JARDIM DOM JOSÉ;Avenida Andorinha-dos-Beirais;47º D.P. CAPAO REDONDO;DEL.SEC.6º SANTO AMARO;T;N;3.0;2026.0;madrugada;0;1;0
ES5707;2026-03-27;09:13:00;HOMICIDIO DOLOSO;HomicIdio (art. 121);;Via Pública;-23.7180346;-46.7842394;PARQUE DO LAGO;Estrada do M'Boi Mirim;100º D.P. JDIM HERCULANO;DEL.SEC.6º SANTO AMARO;C;N;3.0;2026.0;manha;0;1;1
ET2396;2026-03-23;;TENTATIVA DE HOMICIDIO;HomicIdio (art. 121);Em hora incerta;Residência;;;VEDAÇAO DA DIVULGAÇAO DOS DADOS;VEDAÇAO DA DIVULGAÇAO DOS DADOS;43º D.P. CIDADE ADEMAR;DEL.SEC.6º SANTO AMARO;T;N;3.0;2026.0;desconhecido;0;0;0
ET5666;2026-03-27;18:25:27;HOMICIDIO DOLOSO;Morte suspeita;;Residência;;;VEDAÇAO DA DIVULGAÇAO DOS DADOS;VEDAÇAO DA DIVULGAÇAO DOS DADOS;100º D.P. JDIM HERCULANO;DEL.SEC.6º SANTO AMARO;C;N;3.0;2026.0;noite;0;0;1
ET6309;2026-03-27;22:05:00;HOMICIDIO DOLOSO;HomicIdio (art. 121);;Via Pública;-23.542009;-46.609513;BRÁS;Rua Doutor JoAo Alves de Lima;08º D.P. BRAS;DEL.SEC.1º CENTRO;C;N;3.0;2026.0;noite;0;1;1
ET6555;2026-03-27;22:00:00;TENTATIVA DE HOMICIDIO;HomicIdio (art. 121);;Favela;;;VEDAÇAO DA DIVULGAÇAO DOS DADOS;VEDAÇAO DA DIVULGAÇAO DOS DADOS;34º D.P. MORUMBI;DEL.SEC.3º OESTE;T;S;3.0;2026.0;noite;0;0;0
EU4907;2026-03-25;04:30:00;HOMICIDIO DOLOSO;HomicIdio (art. 121);;Via Pública;-23.46054889;-46.68431712;BRASILANDIA;AVENIDA DEPUTADO CANTIDIO SAMPAIO;72º D.P. VILA PENTEADO;DEL.SEC.4º NORTE;C;N;3.0;2026.0;madrugada;0;1;1
EU7341;2026-03-28;14:00:00;TENTATIVA DE HOMICIDIO;HomicIdio (art. 121);;Via Pública;-23.77902471;-46.67592862;GRAJAU;RUA DO SCHMIDT;85º D.P. JARDIM MIRNA;DEL.SEC.6º SANTO AMARO;T;N;3.0;2026.0;tarde;1;1;0
EU7341;2026-03-28;14:00:00;TENTATIVA DE HOMICIDIO;HomicIdio (art. 121);;Via Pública;-23.77902471;-46.67592862;GRAJAU;RUA DO SCHMIDT;85º D.P. JARDIM MIRNA;DEL.SEC.6º SANTO AMARO;T;N;3.0;2026.0;tarde;1;1;0
EU8411;2026-03-28;20:30:00;TENTATIVA DE HOMICIDIO;HomicIdio (art. 121);;Residência;;;VEDAÇAO DA DIVULGAÇAO DOS DADOS;VEDAÇAO DA DIVULGAÇAO DOS DADOS;44º D.P. GUAIANAZES;DEL.SEC.8º SAO MATEUS;T;S;3.0;2026.0;noite;1;0;0
EU8490;2026-03-28;17:30:00;TENTATIVA DE HOMICIDIO;HomicIdio (art. 121);;Residência;;;VEDAÇAO DA DIVULGAÇAO DOS DADOS;VEDAÇAO DA DIVULGAÇAO DOS DADOS;68º D.P. LAGEADO;DEL.SEC.7º ITAQUERA;T;S;3.0;2026.0;tarde;1;0;0
EU8661;2026-03-28;21:00:00;LATROCINIO;Roubo (art. 157);;Residência;;;VEDAÇAO DA DIVULGAÇAO DOS DADOS;VEDAÇAO DA DIVULGAÇAO DOS DADOS;20º D.P. AGUA FRIA;DEL.SEC.4º NORTE;C;N;3.0;2026.0;noite;1;0;1
EV3815;2026-03-29;14:00:00;TENTATIVA DE HOMICIDIO;HomicIdio (art. 121);;Via Pública;-23.6223402;-46.7290238;JARDIM PARQUE MORUMBI;Rua Doutor JosE Pedro de Carvalho Lima;89º D.P. JARDIM TABOAO;DEL.SEC.3º OESTE;T;N;3.0;2026.0;tarde;1;1;0
EV4404;2026-03-29;12:40:00;HOMICIDIO DOLOSO;HomicIdio (art. 121);;Via Pública;-23.5856558;-46.6553664;VILA MARIANA;Avenida Pedro Alvares Cabral;36º D.P. VILA MARIANA;DEL.SEC.2º SUL;C;N;3.0;2026.0;tarde;1;1;1
EV4610;2026-03-29;15:00:00;HOMICIDIO DOLOSO;HomicIdio (art. 121);;Via Pública;-23.7108903;-46.7764199;PARQUE DO LAGO;Rua dos Pirarucús;100º D.P. JDIM HERCULANO;DEL.SEC.6º SANTO AMARO;C;N;3.0;2026.0;tarde;1;1;1
EV5878;2026-03-29;17:30:00;TENTATIVA DE HOMICIDIO;HomicIdio (art. 121);;Via Pública;-23.51138896;-46.45943447;VILA JACUI;RUA DOS ESCOTEIROS;63º D.P. VILA JACUI;DEL.SEC.7º ITAQUERA;T;S;3.0;2026.0;tarde;1;1;0
EV8106;2026-03-30;01:45:00;HOMICIDIO DOLOSO;HomicIdio (art. 121);;Residência;;;VEDAÇAO DA DIVULGAÇAO DOS DADOS;VEDAÇAO DA DIVULGAÇAO DOS DADOS;100º D.P. JDIM HERCULANO;DEL.SEC.6º SANTO AMARO;C;N;3.0;2026.0;madrugada;0;0;1
EW2257;2026-03-30;08:30:00;TENTATIVA DE HOMICIDIO;HomicIdio (art. 121);;Via Pública;-23.5410495;-46.4341159;CONJUNTO RESIDENCIAL JOSÉ BONIFÁCIO;Rua JosE Melani;103º D.P. COHABII/ITAQU.;DEL.SEC.7º ITAQUERA;T;N;3.0;2026.0;manha;0;1;0
EW6589;2026-03-30;12:20:00;LATROCINIO;Roubo (art. 157);;Via Pública;-23.75383624;-46.68087581;GRAJAU;AVENIDA DONA BELMIRA MARIN;101º D.P. JDIM IMBUIAS;DEL.SEC.6º SANTO AMARO;C;N;3.0;2026.0;tarde;0;1;1
EX0421;2026-03-30;14:00:00;TENTATIVA DE HOMICIDIO;HomicIdio (art. 121);;Via Pública;-23.41309342;-46.75084707;PERUS;RUA RECANTO DOS HUMILDES;46º D.P. PERUS;DEL.SEC.3º OESTE;T;N;3.0;2026.0;tarde;0;1;0
EX7149;2026-03-31;08:05:24;TENTATIVA DE HOMICIDIO;HomicIdio (art. 121);;Via Pública;-23.55529836;-46.39527706;GUAIANASES;RUA RAPOSO DA FONSECA;44º D.P. GUAIANAZES;DEL.SEC.8º SAO MATEUS;T;N;3.0;2026.0;manha;0;1;0
EY5931;2026-03-31;14:49:59;HOMICIDIO DOLOSO;HomicIdio (art. 121);;Residência;;;VEDAÇAO DA DIVULGAÇAO DOS DADOS;VEDAÇAO DA DIVULGAÇAO DOS DADOS;19º D.P. VILA MARIA;DEL.SEC.4º NORTE;C;N;3.0;2026.0;tarde;0;0;1
EY7571;2026-03-31;14:10:00;HOMICIDIO DOLOSO;HomicIdio (art. 121);;Via Pública;-23.57239511;-46.52065222;ARICANDUVA;RUA DOUTOR CAETANO ESTELLITA PERNET;41º D.P. VILA RICA;DEL.SEC.8º SAO MATEUS;C;N;3.0;2026.0;tarde;0;1;1
EY9943;2026-03-31;20:25:00;HOMICIDIO DOLOSO;HomicIdio (art. 121);;Via Pública;-23.4652238;-46.71641028;PIRITUBA;RUA HORTOLANDIA;87º D.P. V. P. BARRETO;DEL.SEC.3º OESTE;C;N;3.0;2026.0;noite;0;1;1
EY9992;2026-03-31;19:10:00;TENTATIVA DE HOMICIDIO;HomicIdio (art. 121);;Restaurante e Afins;-23.58867302;-46.40163097;CIDADE TIRADENTES;RUA APOSTOLO SIMAO CANANEU;54º D.P. CID. TIRADENTES;DEL.SEC.8º SAO MATEUS;T;N;3.0;2026.0;noite;0;0;0
FC2566;2026-03-22;21:43:00;TENTATIVA DE HOMICIDIO;Feminicídio;;Residência;;;VEDAÇAO DA DIVULGAÇAO DOS DADOS;VEDAÇAO DA DIVULGAÇAO DOS DADOS;98º D.P. JARDIM MIRIAM;DEL.SEC.6º SANTO AMARO;T;N;3.0;2026.0;noite;1;0;0
